Workbook

Sheet INICIO
B2: SISTEMA DE SEGUIMIENTO DE ESTUDIANTES
B4: Mentoría Pedagógica — Matriz de Análisis de Datos
B6: INTERPRETACIÓN DEL SEMÁFORO
B7: 🟢 VERDE — 0 a 2 pts | C7: Seguimiento Universal Conversaciones preventivas · Reconocimiento de fortalezas · Seguimiento mensual
B8: 🟡 AMARILLO — 3 a 5 pts | C8: Seguimiento Focalizado Reunión mentor-estudiante · Registro de evidencias · Acuerdos de mejora · Seguimiento quincenal · Contacto preventivo con familia
B9: 🔴 ROJO — 6 a 12 pts | C9: Seguimiento Intensivo Plan de acompañamiento · Reunión con familia · Derivación · Coordinación con convivencia/orientación/PIE · Seguimiento semanal
B11: CRITERIOS DE OBSERVACIÓN (0–3 por ámbito)
B12: TRAYECTORIA EDUCATIVA | C12: ÁMBITO ACADÉMICO | D12: ÁMBITO CONDUCTUAL
B13: 0 - Trayectoria regular | C13: 0 - Sin alertas académicas | D13: 0 - Sin observaciones conductuales
B14: 1 - Alertas leves o puntuales | C14: 1 - Descenso leve o puntual | D14: 1 - Conductas ocasionales
B15: 2 - Dificultades reiteradas | C15: 2 - Descenso sostenido / varias asignaturas | D15: 2 - Conductas reiteradas
B16: 3 - Riesgo alto de deserción | C16: 3 - Riesgo académico significativo | D16: 3 - Conductas frecuentes / afectan convivencia
B17: ÁMBITO SOCIOEMOCIONAL | C17: INSTRUCCIONES DE USO
B18: 0 - Ajuste adecuado | C18: 1. Ir a la hoja del curso correspondiente (ej: KB, 1A, 3mB...)
B19: 1 - Señales leves de preocupación | C19: 2. Ingresar nombre del estudiante y mentor en las columnas B y C
B20: 2 - Dificultades persistentes | C20: 3. Seleccionar el puntaje de cada ámbito con el menú desplegable
B21: 3 - Alta vulnerabilidad o riesgo | C21: 4. El Total y Semáforo se calculan automáticamente
C22: 5. Ver hoja RESUMEN para estadísticas de todos los cursos
C23: 6. Ver hoja BÚSQUEDA para filtrar estudiantes por criterios

Sheet PKA
A1: CURSO PKA — Registro de Seguimiento de Estudiantes
A2: PUNTAJES: 0 = Sin alerta / Regular 1 = Alerta leve 2 = Alerta moderada / Reiterada 3 = Alto riesgo │ SEMÁFORO: Verde 0-2 · Amarillo 3-5 · Rojo 6-12
D3: PUNTAJES POR ÁMBITO (seleccionar del menú desplegable) | H3: RESULTADO
A4: N° | B4: NOMBRE ESTUDIANTE | C4: MENTOR RESPONSABLE | D4: TRAYECTORIA EDUCATIVA | E4: ÁMBITO ACADÉMICO | F4: ÁMBITO CONDUCTUAL | G4: ÁMBITO SOCIOEMOCIONAL | H4: TOTAL | I4: SEMÁFORO | J4: OBSERVACIONES / NOTAS
A5: =IF(B5<>"",ROW()-4,"") | H5: =IF(B5="","",IFERROR(IF(D5="",0,VALUE(LEFT(D5,1)))+IF(E5="",0,VALUE(LEFT(E5,1)))+IF(F5="",0,VALUE(LEFT(F5,1)))+IF(G5="",0,VALUE(LEFT(G5,1))),0)) | I5: =IF(B5="","",IF(H5<=2,"🟢 VERDE",IF(H5<=5,"🟡 AMARILLO","🔴 ROJO")))
A6: =IF(B6<>"",ROW()-4,"") | H6: =IF(B6="","",IFERROR(IF(D6="",0,VALUE(LEFT(D6,1)))+IF(E6="",0,VALUE(LEFT(E6,1)))+IF(F6="",0,VALUE(LEFT(F6,1)))+IF(G6="",0,VALUE(LEFT(G6,1))),0)) | I6: =IF(B6="","",IF(H6<=2,"🟢 VERDE",IF(H6<=5,"🟡 AMARILLO","🔴 ROJO")))
A7: =IF(B7<>"",ROW()-4,"") | H7: =IF(B7="","",IFERROR(IF(D7="",0,VALUE(LEFT(D7,1)))+IF(E7="",0,VALUE(LEFT(E7,1)))+IF(F7="",0,VALUE(LEFT(F7,1)))+IF(G7="",0,VALUE(LEFT(G7,1))),0)) | I7: =IF(B7="","",IF(H7<=2,"🟢 VERDE",IF(H7<=5,"🟡 AMARILLO","🔴 ROJO")))
A8: =IF(B8<>"",ROW()-4,"") | H8: =IF(B8="","",IFERROR(IF(D8="",0,VALUE(LEFT(D8,1)))+IF(E8="",0,VALUE(LEFT(E8,1)))+IF(F8="",0,VALUE(LEFT(F8,1)))+IF(G8="",0,VALUE(LEFT(G8,1))),0)) | I8: =IF(B8="","",IF(H8<=2,"🟢 VERDE",IF(H8<=5,"🟡 AMARILLO","🔴 ROJO")))
A9: =IF(B9<>"",ROW()-4,"") | H9: =IF(B9="","",IFERROR(IF(D9="",0,VALUE(LEFT(D9,1)))+IF(E9="",0,VALUE(LEFT(E9,1)))+IF(F9="",0,VALUE(LEFT(F9,1)))+IF(G9="",0,VALUE(LEFT(G9,1))),0)) | I9: =IF(B9="","",IF(H9<=2,"🟢 VERDE",IF(H9<=5,"🟡 AMARILLO","🔴 ROJO")))
A10: =IF(B10<>"",ROW()-4,"") | H10: =IF(B10="","",IFERROR(IF(D10="",0,VALUE(LEFT(D10,1)))+IF(E10="",0,VALUE(LEFT(E10,1)))+IF(F10="",0,VALUE(LEFT(F10,1)))+IF(G10="",0,VALUE(LEFT(G10,1))),0)) | I10: =IF(B10="","",IF(H10<=2,"🟢 VERDE",IF(H10<=5,"🟡 AMARILLO","🔴 ROJO")))
A11: =IF(B11<>"",ROW()-4,"") | H11: =IF(B11="","",IFERROR(IF(D11="",0,VALUE(LEFT(D11,1)))+IF(E11="",0,VALUE(LEFT(E11,1)))+IF(F11="",0,VALUE(LEFT(F11,1)))+IF(G11="",0,VALUE(LEFT(G11,1))),0)) | I11: =IF(B11="","",IF(H11<=2,"🟢 VERDE",IF(H11<=5,"🟡 AMARILLO","🔴 ROJO")))
A12: =IF(B12<>"",ROW()-4,"") | H12: =IF(B12="","",IFERROR(IF(D12="",0,VALUE(LEFT(D12,1)))+IF(E12="",0,VALUE(LEFT(E12,1)))+IF(F12="",0,VALUE(LEFT(F12,1)))+IF(G12="",0,VALUE(LEFT(G12,1))),0)) | I12: =IF(B12="","",IF(H12<=2,"🟢 VERDE",IF(H12<=5,"🟡 AMARILLO","🔴 ROJO")))
A13: =IF(B13<>"",ROW()-4,"") | H13: =IF(B13="","",IFERROR(IF(D13="",0,VALUE(LEFT(D13,1)))+IF(E13="",0,VALUE(LEFT(E13,1)))+IF(F13="",0,VALUE(LEFT(F13,1)))+IF(G13="",0,VALUE(LEFT(G13,1))),0)) | I13: =IF(B13="","",IF(H13<=2,"🟢 VERDE",IF(H13<=5,"🟡 AMARILLO","🔴 ROJO")))
A14: =IF(B14<>"",ROW()-4,"") | H14: =IF(B14="","",IFERROR(IF(D14="",0,VALUE(LEFT(D14,1)))+IF(E14="",0,VALUE(LEFT(E14,1)))+IF(F14="",0,VALUE(LEFT(F14,1)))+IF(G14="",0,VALUE(LEFT(G14,1))),0)) | I14: =IF(B14="","",IF(H14<=2,"🟢 VERDE",IF(H14<=5,"🟡 AMARILLO","🔴 ROJO")))
A15: =IF(B15<>"",ROW()-4,"") | H15: =IF(B15="","",IFERROR(IF(D15="",0,VALUE(LEFT(D15,1)))+IF(E15="",0,VALUE(LEFT(E15,1)))+IF(F15="",0,VALUE(LEFT(F15,1)))+IF(G15="",0,VALUE(LEFT(G15,1))),0)) | I15: =IF(B15="","",IF(H15<=2,"🟢 VERDE",IF(H15<=5,"🟡 AMARILLO","🔴 ROJO")))
A16: =IF(B16<>"",ROW()-4,"") | H16: =IF(B16="","",IFERROR(IF(D16="",0,VALUE(LEFT(D16,1)))+IF(E16="",0,VALUE(LEFT(E16,1)))+IF(F16="",0,VALUE(LEFT(F16,1)))+IF(G16="",0,VALUE(LEFT(G16,1))),0)) | I16: =IF(B16="","",IF(H16<=2,"🟢 VERDE",IF(H16<=5,"🟡 AMARILLO","🔴 ROJO")))
... A54: =IF(B54<>"",ROW()-4,"") | H54: =IF(B54="","",IFERROR(IF(D54="",0,VALUE(LEFT(D54,1)))+IF(E54="",0,VALUE(LEFT(E54,1)))+IF(F54="",0,VALUE(LEFT(F54,1)))+IF(G54="",0,VALUE(LEFT(G54,1))),0)) | I54: =IF(B54="","",IF(H54<=2,"🟢 VERDE",IF(H54<=5,"🟡 AMARILLO","🔴 ROJO")))
A55: TOTALES CURSO PKA | D55: =COUNTIF(D5:D54,"<>"&"") | E55: =COUNTIF(E5:E54,"<>"&"") | F55: =COUNTIF(F5:F54,"<>"&"") | G55: =COUNTIF(G5:G54,"<>"&"") | H55: =COUNTA(B5:B54) | I55: =COUNTIF(I5:I54,"🔴 ROJO")&" 🔴 "&COUNTIF(I5:I54,"🟡 AMARILLO")&" 🟡 "&COUNTIF(I5:I54,"🟢 VERDE")&" 🟢" | J55: ← Conteo: Rojo · Amarillo · Verde

Sheet PKB
A1: CURSO PKB — Registro de Seguimiento de Estudiantes
A2: PUNTAJES: 0 = Sin alerta / Regular 1 = Alerta leve 2 = Alerta moderada / Reiterada 3 = Alto riesgo │ SEMÁFORO: Verde 0-2 · Amarillo 3-5 · Rojo 6-12
D3: PUNTAJES POR ÁMBITO (seleccionar del menú desplegable) | H3: RESULTADO
A4: N° | B4: NOMBRE ESTUDIANTE | C4: MENTOR RESPONSABLE | D4: TRAYECTORIA EDUCATIVA | E4: ÁMBITO ACADÉMICO | F4: ÁMBITO CONDUCTUAL | G4: ÁMBITO SOCIOEMOCIONAL | H4: TOTAL | I4: SEMÁFORO | J4: OBSERVACIONES / NOTAS
A5: =IF(B5<>"",ROW()-4,"") | H5: =IF(B5="","",IFERROR(IF(D5="",0,VALUE(LEFT(D5,1)))+IF(E5="",0,VALUE(LEFT(E5,1)))+IF(F5="",0,VALUE(LEFT(F5,1)))+IF(G5="",0,VALUE(LEFT(G5,1))),0)) | I5: =IF(B5="","",IF(H5<=2,"🟢 VERDE",IF(H5<=5,"🟡 AMARILLO","🔴 ROJO")))
A6: =IF(B6<>"",ROW()-4,"") | H6: =IF(B6="","",IFERROR(IF(D6="",0,VALUE(LEFT(D6,1)))+IF(E6="",0,VALUE(LEFT(E6,1)))+IF(F6="",0,VALUE(LEFT(F6,1)))+IF(G6="",0,VALUE(LEFT(G6,1))),0)) | I6: =IF(B6="","",IF(H6<=2,"🟢 VERDE",IF(H6<=5,"🟡 AMARILLO","🔴 ROJO")))
A7: =IF(B7<>"",ROW()-4,"") | H7: =IF(B7="","",IFERROR(IF(D7="",0,VALUE(LEFT(D7,1)))+IF(E7="",0,VALUE(LEFT(E7,1)))+IF(F7="",0,VALUE(LEFT(F7,1)))+IF(G7="",0,VALUE(LEFT(G7,1))),0)) | I7: =IF(B7="","",IF(H7<=2,"🟢 VERDE",IF(H7<=5,"🟡 AMARILLO","🔴 ROJO")))
A8: =IF(B8<>"",ROW()-4,"") | H8: =IF(B8="","",IFERROR(IF(D8="",0,VALUE(LEFT(D8,1)))+IF(E8="",0,VALUE(LEFT(E8,1)))+IF(F8="",0,VALUE(LEFT(F8,1)))+IF(G8="",0,VALUE(LEFT(G8,1))),0)) | I8: =IF(B8="","",IF(H8<=2,"🟢 VERDE",IF(H8<=5,"🟡 AMARILLO","🔴 ROJO")))
A9: =IF(B9<>"",ROW()-4,"") | H9: =IF(B9="","",IFERROR(IF(D9="",0,VALUE(LEFT(D9,1)))+IF(E9="",0,VALUE(LEFT(E9,1)))+IF(F9="",0,VALUE(LEFT(F9,1)))+IF(G9="",0,VALUE(LEFT(G9,1))),0)) | I9: =IF(B9="","",IF(H9<=2,"🟢 VERDE",IF(H9<=5,"🟡 AMARILLO","🔴 ROJO")))
A10: =IF(B10<>"",ROW()-4,"") | H10: =IF(B10="","",IFERROR(IF(D10="",0,VALUE(LEFT(D10,1)))+IF(E10="",0,VALUE(LEFT(E10,1)))+IF(F10="",0,VALUE(LEFT(F10,1)))+IF(G10="",0,VALUE(LEFT(G10,1))),0)) | I10: =IF(B10="","",IF(H10<=2,"🟢 VERDE",IF(H10<=5,"🟡 AMARILLO","🔴 ROJO")))
A11: =IF(B11<>"",ROW()-4,"") | H11: =IF(B11="","",IFERROR(IF(D11="",0,VALUE(LEFT(D11,1)))+IF(E11="",0,VALUE(LEFT(E11,1)))+IF(F11="",0,VALUE(LEFT(F11,1)))+IF(G11="",0,VALUE(LEFT(G11,1))),0)) | I11: =IF(B11="","",IF(H11<=2,"🟢 VERDE",IF(H11<=5,"🟡 AMARILLO","🔴 ROJO")))
A12: =IF(B12<>"",ROW()-4,"") | H12: =IF(B12="","",IFERROR(IF(D12="",0,VALUE(LEFT(D12,1)))+IF(E12="",0,VALUE(LEFT(E12,1)))+IF(F12="",0,VALUE(LEFT(F12,1)))+IF(G12="",0,VALUE(LEFT(G12,1))),0)) | I12: =IF(B12="","",IF(H12<=2,"🟢 VERDE",IF(H12<=5,"🟡 AMARILLO","🔴 ROJO")))
A13: =IF(B13<>"",ROW()-4,"") | H13: =IF(B13="","",IFERROR(IF(D13="",0,VALUE(LEFT(D13,1)))+IF(E13="",0,VALUE(LEFT(E13,1)))+IF(F13="",0,VALUE(LEFT(F13,1)))+IF(G13="",0,VALUE(LEFT(G13,1))),0)) | I13: =IF(B13="","",IF(H13<=2,"🟢 VERDE",IF(H13<=5,"🟡 AMARILLO","🔴 ROJO")))
A14: =IF(B14<>"",ROW()-4,"") | H14: =IF(B14="","",IFERROR(IF(D14="",0,VALUE(LEFT(D14,1)))+IF(E14="",0,VALUE(LEFT(E14,1)))+IF(F14="",0,VALUE(LEFT(F14,1)))+IF(G14="",0,VALUE(LEFT(G14,1))),0)) | I14: =IF(B14="","",IF(H14<=2,"🟢 VERDE",IF(H14<=5,"🟡 AMARILLO","🔴 ROJO")))
A15: =IF(B15<>"",ROW()-4,"") | H15: =IF(B15="","",IFERROR(IF(D15="",0,VALUE(LEFT(D15,1)))+IF(E15="",0,VALUE(LEFT(E15,1)))+IF(F15="",0,VALUE(LEFT(F15,1)))+IF(G15="",0,VALUE(LEFT(G15,1))),0)) | I15: =IF(B15="","",IF(H15<=2,"🟢 VERDE",IF(H15<=5,"🟡 AMARILLO","🔴 ROJO")))
A16: =IF(B16<>"",ROW()-4,"") | H16: =IF(B16="","",IFERROR(IF(D16="",0,VALUE(LEFT(D16,1)))+IF(E16="",0,VALUE(LEFT(E16,1)))+IF(F16="",0,VALUE(LEFT(F16,1)))+IF(G16="",0,VALUE(LEFT(G16,1))),0)) | I16: =IF(B16="","",IF(H16<=2,"🟢 VERDE",IF(H16<=5,"🟡 AMARILLO","🔴 ROJO")))
... A54: =IF(B54<>"",ROW()-4,"") | H54: =IF(B54="","",IFERROR(IF(D54="",0,VALUE(LEFT(D54,1)))+IF(E54="",0,VALUE(LEFT(E54,1)))+IF(F54="",0,VALUE(LEFT(F54,1)))+IF(G54="",0,VALUE(LEFT(G54,1))),0)) | I54: =IF(B54="","",IF(H54<=2,"🟢 VERDE",IF(H54<=5,"🟡 AMARILLO","🔴 ROJO")))
A55: TOTALES CURSO PKB | D55: =COUNTIF(D5:D54,"<>"&"") | E55: =COUNTIF(E5:E54,"<>"&"") | F55: =COUNTIF(F5:F54,"<>"&"") | G55: =COUNTIF(G5:G54,"<>"&"") | H55: =COUNTA(B5:B54) | I55: =COUNTIF(I5:I54,"🔴 ROJO")&" 🔴 "&COUNTIF(I5:I54,"🟡 AMARILLO")&" 🟡 "&COUNTIF(I5:I54,"🟢 VERDE")&" 🟢" | J55: ← Conteo: Rojo · Amarillo · Verde

Sheet PKC
A1: CURSO PKC — Registro de Seguimiento de Estudiantes
A2: PUNTAJES: 0 = Sin alerta / Regular 1 = Alerta leve 2 = Alerta moderada / Reiterada 3 = Alto riesgo │ SEMÁFORO: Verde 0-2 · Amarillo 3-5 · Rojo 6-12
D3: PUNTAJES POR ÁMBITO (seleccionar del menú desplegable) | H3: RESULTADO
A4: N° | B4: NOMBRE ESTUDIANTE | C4: MENTOR RESPONSABLE | D4: TRAYECTORIA EDUCATIVA | E4: ÁMBITO ACADÉMICO | F4: ÁMBITO CONDUCTUAL | G4: ÁMBITO SOCIOEMOCIONAL | H4: TOTAL | I4: SEMÁFORO | J4: OBSERVACIONES / NOTAS
A5: =IF(B5<>"",ROW()-4,"") | H5: =IF(B5="","",IFERROR(IF(D5="",0,VALUE(LEFT(D5,1)))+IF(E5="",0,VALUE(LEFT(E5,1)))+IF(F5="",0,VALUE(LEFT(F5,1)))+IF(G5="",0,VALUE(LEFT(G5,1))),0)) | I5: =IF(B5="","",IF(H5<=2,"🟢 VERDE",IF(H5<=5,"🟡 AMARILLO","🔴 ROJO")))
A6: =IF(B6<>"",ROW()-4,"") | H6: =IF(B6="","",IFERROR(IF(D6="",0,VALUE(LEFT(D6,1)))+IF(E6="",0,VALUE(LEFT(E6,1)))+IF(F6="",0,VALUE(LEFT(F6,1)))+IF(G6="",0,VALUE(LEFT(G6,1))),0)) | I6: =IF(B6="","",IF(H6<=2,"🟢 VERDE",IF(H6<=5,"🟡 AMARILLO","🔴 ROJO")))
A7: =IF(B7<>"",ROW()-4,"") | H7: =IF(B7="","",IFERROR(IF(D7="",0,VALUE(LEFT(D7,1)))+IF(E7="",0,VALUE(LEFT(E7,1)))+IF(F7="",0,VALUE(LEFT(F7,1)))+IF(G7="",0,VALUE(LEFT(G7,1))),0)) | I7: =IF(B7="","",IF(H7<=2,"🟢 VERDE",IF(H7<=5,"🟡 AMARILLO","🔴 ROJO")))
A8: =IF(B8<>"",ROW()-4,"") | H8: =IF(B8="","",IFERROR(IF(D8="",0,VALUE(LEFT(D8,1)))+IF(E8="",0,VALUE(LEFT(E8,1)))+IF(F8="",0,VALUE(LEFT(F8,1)))+IF(G8="",0,VALUE(LEFT(G8,1))),0)) | I8: =IF(B8="","",IF(H8<=2,"🟢 VERDE",IF(H8<=5,"🟡 AMARILLO","🔴 ROJO")))
A9: =IF(B9<>"",ROW()-4,"") | H9: =IF(B9="","",IFERROR(IF(D9="",0,VALUE(LEFT(D9,1)))+IF(E9="",0,VALUE(LEFT(E9,1)))+IF(F9="",0,VALUE(LEFT(F9,1)))+IF(G9="",0,VALUE(LEFT(G9,1))),0)) | I9: =IF(B9="","",IF(H9<=2,"🟢 VERDE",IF(H9<=5,"🟡 AMARILLO","🔴 ROJO")))
A10: =IF(B10<>"",ROW()-4,"") | H10: =IF(B10="","",IFERROR(IF(D10="",0,VALUE(LEFT(D10,1)))+IF(E10="",0,VALUE(LEFT(E10,1)))+IF(F10="",0,VALUE(LEFT(F10,1)))+IF(G10="",0,VALUE(LEFT(G10,1))),0)) | I10: =IF(B10="","",IF(H10<=2,"🟢 VERDE",IF(H10<=5,"🟡 AMARILLO","🔴 ROJO")))
A11: =IF(B11<>"",ROW()-4,"") | H11: =IF(B11="","",IFERROR(IF(D11="",0,VALUE(LEFT(D11,1)))+IF(E11="",0,VALUE(LEFT(E11,1)))+IF(F11="",0,VALUE(LEFT(F11,1)))+IF(G11="",0,VALUE(LEFT(G11,1))),0)) | I11: =IF(B11="","",IF(H11<=2,"🟢 VERDE",IF(H11<=5,"🟡 AMARILLO","🔴 ROJO")))
A12: =IF(B12<>"",ROW()-4,"") | H12: =IF(B12="","",IFERROR(IF(D12="",0,VALUE(LEFT(D12,1)))+IF(E12="",0,VALUE(LEFT(E12,1)))+IF(F12="",0,VALUE(LEFT(F12,1)))+IF(G12="",0,VALUE(LEFT(G12,1))),0)) | I12: =IF(B12="","",IF(H12<=2,"🟢 VERDE",IF(H12<=5,"🟡 AMARILLO","🔴 ROJO")))
A13: =IF(B13<>"",ROW()-4,"") | H13: =IF(B13="","",IFERROR(IF(D13="",0,VALUE(LEFT(D13,1)))+IF(E13="",0,VALUE(LEFT(E13,1)))+IF(F13="",0,VALUE(LEFT(F13,1)))+IF(G13="",0,VALUE(LEFT(G13,1))),0)) | I13: =IF(B13="","",IF(H13<=2,"🟢 VERDE",IF(H13<=5,"🟡 AMARILLO","🔴 ROJO")))
A14: =IF(B14<>"",ROW()-4,"") | H14: =IF(B14="","",IFERROR(IF(D14="",0,VALUE(LEFT(D14,1)))+IF(E14="",0,VALUE(LEFT(E14,1)))+IF(F14="",0,VALUE(LEFT(F14,1)))+IF(G14="",0,VALUE(LEFT(G14,1))),0)) | I14: =IF(B14="","",IF(H14<=2,"🟢 VERDE",IF(H14<=5,"🟡 AMARILLO","🔴 ROJO")))
A15: =IF(B15<>"",ROW()-4,"") | H15: =IF(B15="","",IFERROR(IF(D15="",0,VALUE(LEFT(D15,1)))+IF(E15="",0,VALUE(LEFT(E15,1)))+IF(F15="",0,VALUE(LEFT(F15,1)))+IF(G15="",0,VALUE(LEFT(G15,1))),0)) | I15: =IF(B15="","",IF(H15<=2,"🟢 VERDE",IF(H15<=5,"🟡 AMARILLO","🔴 ROJO")))
A16: =IF(B16<>"",ROW()-4,"") | H16: =IF(B16="","",IFERROR(IF(D16="",0,VALUE(LEFT(D16,1)))+IF(E16="",0,VALUE(LEFT(E16,1)))+IF(F16="",0,VALUE(LEFT(F16,1)))+IF(G16="",0,VALUE(LEFT(G16,1))),0)) | I16: =IF(B16="","",IF(H16<=2,"🟢 VERDE",IF(H16<=5,"🟡 AMARILLO","🔴 ROJO")))
... A54: =IF(B54<>"",ROW()-4,"") | H54: =IF(B54="","",IFERROR(IF(D54="",0,VALUE(LEFT(D54,1)))+IF(E54="",0,VALUE(LEFT(E54,1)))+IF(F54="",0,VALUE(LEFT(F54,1)))+IF(G54="",0,VALUE(LEFT(G54,1))),0)) | I54: =IF(B54="","",IF(H54<=2,"🟢 VERDE",IF(H54<=5,"🟡 AMARILLO","🔴 ROJO")))
A55: TOTALES CURSO PKC | D55: =COUNTIF(D5:D54,"<>"&"") | E55: =COUNTIF(E5:E54,"<>"&"") | F55: =COUNTIF(F5:F54,"<>"&"") | G55: =COUNTIF(G5:G54,"<>"&"") | H55: =COUNTA(B5:B54) | I55: =COUNTIF(I5:I54,"🔴 ROJO")&" 🔴 "&COUNTIF(I5:I54,"🟡 AMARILLO")&" 🟡 "&COUNTIF(I5:I54,"🟢 VERDE")&" 🟢" | J55: ← Conteo: Rojo · Amarillo · Verde

Sheet KA
A1: CURSO KA — Registro de Seguimiento de Estudiantes
A2: PUNTAJES: 0 = Sin alerta / Regular 1 = Alerta leve 2 = Alerta moderada / Reiterada 3 = Alto riesgo │ SEMÁFORO: Verde 0-2 · Amarillo 3-5 · Rojo 6-12
D3: PUNTAJES POR ÁMBITO (seleccionar del menú desplegable) | H3: RESULTADO
A4: N° | B4: NOMBRE ESTUDIANTE | C4: MENTOR RESPONSABLE | D4: TRAYECTORIA EDUCATIVA | E4: ÁMBITO ACADÉMICO | F4: ÁMBITO CONDUCTUAL | G4: ÁMBITO SOCIOEMOCIONAL | H4: TOTAL | I4: SEMÁFORO | J4: OBSERVACIONES / NOTAS
A5: =IF(B5<>"",ROW()-4,"") | H5: =IF(B5="","",IFERROR(IF(D5="",0,VALUE(LEFT(D5,1)))+IF(E5="",0,VALUE(LEFT(E5,1)))+IF(F5="",0,VALUE(LEFT(F5,1)))+IF(G5="",0,VALUE(LEFT(G5,1))),0)) | I5: =IF(B5="","",IF(H5<=2,"🟢 VERDE",IF(H5<=5,"🟡 AMARILLO","🔴 ROJO")))
A6: =IF(B6<>"",ROW()-4,"") | H6: =IF(B6="","",IFERROR(IF(D6="",0,VALUE(LEFT(D6,1)))+IF(E6="",0,VALUE(LEFT(E6,1)))+IF(F6="",0,VALUE(LEFT(F6,1)))+IF(G6="",0,VALUE(LEFT(G6,1))),0)) | I6: =IF(B6="","",IF(H6<=2,"🟢 VERDE",IF(H6<=5,"🟡 AMARILLO","🔴 ROJO")))
A7: =IF(B7<>"",ROW()-4,"") | H7: =IF(B7="","",IFERROR(IF(D7="",0,VALUE(LEFT(D7,1)))+IF(E7="",0,VALUE(LEFT(E7,1)))+IF(F7="",0,VALUE(LEFT(F7,1)))+IF(G7="",0,VALUE(LEFT(G7,1))),0)) | I7: =IF(B7="","",IF(H7<=2,"🟢 VERDE",IF(H7<=5,"🟡 AMARILLO","🔴 ROJO")))
A8: =IF(B8<>"",ROW()-4,"") | H8: =IF(B8="","",IFERROR(IF(D8="",0,VALUE(LEFT(D8,1)))+IF(E8="",0,VALUE(LEFT(E8,1)))+IF(F8="",0,VALUE(LEFT(F8,1)))+IF(G8="",0,VALUE(LEFT(G8,1))),0)) | I8: =IF(B8="","",IF(H8<=2,"🟢 VERDE",IF(H8<=5,"🟡 AMARILLO","🔴 ROJO")))
A9: =IF(B9<>"",ROW()-4,"") | H9: =IF(B9="","",IFERROR(IF(D9="",0,VALUE(LEFT(D9,1)))+IF(E9="",0,VALUE(LEFT(E9,1)))+IF(F9="",0,VALUE(LEFT(F9,1)))+IF(G9="",0,VALUE(LEFT(G9,1))),0)) | I9: =IF(B9="","",IF(H9<=2,"🟢 VERDE",IF(H9<=5,"🟡 AMARILLO","🔴 ROJO")))
A10: =IF(B10<>"",ROW()-4,"") | H10: =IF(B10="","",IFERROR(IF(D10="",0,VALUE(LEFT(D10,1)))+IF(E10="",0,VALUE(LEFT(E10,1)))+IF(F10="",0,VALUE(LEFT(F10,1)))+IF(G10="",0,VALUE(LEFT(G10,1))),0)) | I10: =IF(B10="","",IF(H10<=2,"🟢 VERDE",IF(H10<=5,"🟡 AMARILLO","🔴 ROJO")))
A11: =IF(B11<>"",ROW()-4,"") | H11: =IF(B11="","",IFERROR(IF(D11="",0,VALUE(LEFT(D11,1)))+IF(E11="",0,VALUE(LEFT(E11,1)))+IF(F11="",0,VALUE(LEFT(F11,1)))+IF(G11="",0,VALUE(LEFT(G11,1))),0)) | I11: =IF(B11="","",IF(H11<=2,"🟢 VERDE",IF(H11<=5,"🟡 AMARILLO","🔴 ROJO")))
A12: =IF(B12<>"",ROW()-4,"") | H12: =IF(B12="","",IFERROR(IF(D12="",0,VALUE(LEFT(D12,1)))+IF(E12="",0,VALUE(LEFT(E12,1)))+IF(F12="",0,VALUE(LEFT(F12,1)))+IF(G12="",0,VALUE(LEFT(G12,1))),0)) | I12: =IF(B12="","",IF(H12<=2,"🟢 VERDE",IF(H12<=5,"🟡 AMARILLO","🔴 ROJO")))
A13: =IF(B13<>"",ROW()-4,"") | H13: =IF(B13="","",IFERROR(IF(D13="",0,VALUE(LEFT(D13,1)))+IF(E13="",0,VALUE(LEFT(E13,1)))+IF(F13="",0,VALUE(LEFT(F13,1)))+IF(G13="",0,VALUE(LEFT(G13,1))),0)) | I13: =IF(B13="","",IF(H13<=2,"🟢 VERDE",IF(H13<=5,"🟡 AMARILLO","🔴 ROJO")))
A14: =IF(B14<>"",ROW()-4,"") | H14: =IF(B14="","",IFERROR(IF(D14="",0,VALUE(LEFT(D14,1)))+IF(E14="",0,VALUE(LEFT(E14,1)))+IF(F14="",0,VALUE(LEFT(F14,1)))+IF(G14="",0,VALUE(LEFT(G14,1))),0)) | I14: =IF(B14="","",IF(H14<=2,"🟢 VERDE",IF(H14<=5,"🟡 AMARILLO","🔴 ROJO")))
A15: =IF(B15<>"",ROW()-4,"") | H15: =IF(B15="","",IFERROR(IF(D15="",0,VALUE(LEFT(D15,1)))+IF(E15="",0,VALUE(LEFT(E15,1)))+IF(F15="",0,VALUE(LEFT(F15,1)))+IF(G15="",0,VALUE(LEFT(G15,1))),0)) | I15: =IF(B15="","",IF(H15<=2,"🟢 VERDE",IF(H15<=5,"🟡 AMARILLO","🔴 ROJO")))
A16: =IF(B16<>"",ROW()-4,"") | H16: =IF(B16="","",IFERROR(IF(D16="",0,VALUE(LEFT(D16,1)))+IF(E16="",0,VALUE(LEFT(E16,1)))+IF(F16="",0,VALUE(LEFT(F16,1)))+IF(G16="",0,VALUE(LEFT(G16,1))),0)) | I16: =IF(B16="","",IF(H16<=2,"🟢 VERDE",IF(H16<=5,"🟡 AMARILLO","🔴 ROJO")))
... A54: =IF(B54<>"",ROW()-4,"") | H54: =IF(B54="","",IFERROR(IF(D54="",0,VALUE(LEFT(D54,1)))+IF(E54="",0,VALUE(LEFT(E54,1)))+IF(F54="",0,VALUE(LEFT(F54,1)))+IF(G54="",0,VALUE(LEFT(G54,1))),0)) | I54: =IF(B54="","",IF(H54<=2,"🟢 VERDE",IF(H54<=5,"🟡 AMARILLO","🔴 ROJO")))
A55: TOTALES CURSO KA | D55: =COUNTIF(D5:D54,"<>"&"") | E55: =COUNTIF(E5:E54,"<>"&"") | F55: =COUNTIF(F5:F54,"<>"&"") | G55: =COUNTIF(G5:G54,"<>"&"") | H55: =COUNTA(B5:B54) | I55: =COUNTIF(I5:I54,"🔴 ROJO")&" 🔴 "&COUNTIF(I5:I54,"🟡 AMARILLO")&" 🟡 "&COUNTIF(I5:I54,"🟢 VERDE")&" 🟢" | J55: ← Conteo: Rojo · Amarillo · Verde

Sheet KB
A1: CURSO KB — Registro de Seguimiento de Estudiantes
A2: PUNTAJES: 0 = Sin alerta / Regular 1 = Alerta leve 2 = Alerta moderada / Reiterada 3 = Alto riesgo │ SEMÁFORO: Verde 0-2 · Amarillo 3-5 · Rojo 6-12
D3: PUNTAJES POR ÁMBITO (seleccionar del menú desplegable) | H3: RESULTADO
A4: N° | B4: NOMBRE ESTUDIANTE | C4: MENTOR RESPONSABLE | D4: TRAYECTORIA EDUCATIVA | E4: ÁMBITO ACADÉMICO | F4: ÁMBITO CONDUCTUAL | G4: ÁMBITO SOCIOEMOCIONAL | H4: TOTAL | I4: SEMÁFORO | J4: OBSERVACIONES / NOTAS
A5: =IF(B5<>"",ROW()-4,"") | H5: =IF(B5="","",IFERROR(IF(D5="",0,VALUE(LEFT(D5,1)))+IF(E5="",0,VALUE(LEFT(E5,1)))+IF(F5="",0,VALUE(LEFT(F5,1)))+IF(G5="",0,VALUE(LEFT(G5,1))),0)) | I5: =IF(B5="","",IF(H5<=2,"🟢 VERDE",IF(H5<=5,"🟡 AMARILLO","🔴 ROJO")))
A6: =IF(B6<>"",ROW()-4,"") | H6: =IF(B6="","",IFERROR(IF(D6="",0,VALUE(LEFT(D6,1)))+IF(E6="",0,VALUE(LEFT(E6,1)))+IF(F6="",0,VALUE(LEFT(F6,1)))+IF(G6="",0,VALUE(LEFT(G6,1))),0)) | I6: =IF(B6="","",IF(H6<=2,"🟢 VERDE",IF(H6<=5,"🟡 AMARILLO","🔴 ROJO")))
A7: =IF(B7<>"",ROW()-4,"") | H7: =IF(B7="","",IFERROR(IF(D7="",0,VALUE(LEFT(D7,1)))+IF(E7="",0,VALUE(LEFT(E7,1)))+IF(F7="",0,VALUE(LEFT(F7,1)))+IF(G7="",0,VALUE(LEFT(G7,1))),0)) | I7: =IF(B7="","",IF(H7<=2,"🟢 VERDE",IF(H7<=5,"🟡 AMARILLO","🔴 ROJO")))
A8: =IF(B8<>"",ROW()-4,"") | H8: =IF(B8="","",IFERROR(IF(D8="",0,VALUE(LEFT(D8,1)))+IF(E8="",0,VALUE(LEFT(E8,1)))+IF(F8="",0,VALUE(LEFT(F8,1)))+IF(G8="",0,VALUE(LEFT(G8,1))),0)) | I8: =IF(B8="","",IF(H8<=2,"🟢 VERDE",IF(H8<=5,"🟡 AMARILLO","🔴 ROJO")))
A9: =IF(B9<>"",ROW()-4,"") | H9: =IF(B9="","",IFERROR(IF(D9="",0,VALUE(LEFT(D9,1)))+IF(E9="",0,VALUE(LEFT(E9,1)))+IF(F9="",0,VALUE(LEFT(F9,1)))+IF(G9="",0,VALUE(LEFT(G9,1))),0)) | I9: =IF(B9="","",IF(H9<=2,"🟢 VERDE",IF(H9<=5,"🟡 AMARILLO","🔴 ROJO")))
A10: =IF(B10<>"",ROW()-4,"") | H10: =IF(B10="","",IFERROR(IF(D10="",0,VALUE(LEFT(D10,1)))+IF(E10="",0,VALUE(LEFT(E10,1)))+IF(F10="",0,VALUE(LEFT(F10,1)))+IF(G10="",0,VALUE(LEFT(G10,1))),0)) | I10: =IF(B10="","",IF(H10<=2,"🟢 VERDE",IF(H10<=5,"🟡 AMARILLO","🔴 ROJO")))
A11: =IF(B11<>"",ROW()-4,"") | H11: =IF(B11="","",IFERROR(IF(D11="",0,VALUE(LEFT(D11,1)))+IF(E11="",0,VALUE(LEFT(E11,1)))+IF(F11="",0,VALUE(LEFT(F11,1)))+IF(G11="",0,VALUE(LEFT(G11,1))),0)) | I11: =IF(B11="","",IF(H11<=2,"🟢 VERDE",IF(H11<=5,"🟡 AMARILLO","🔴 ROJO")))
A12: =IF(B12<>"",ROW()-4,"") | H12: =IF(B12="","",IFERROR(IF(D12="",0,VALUE(LEFT(D12,1)))+IF(E12="",0,VALUE(LEFT(E12,1)))+IF(F12="",0,VALUE(LEFT(F12,1)))+IF(G12="",0,VALUE(LEFT(G12,1))),0)) | I12: =IF(B12="","",IF(H12<=2,"🟢 VERDE",IF(H12<=5,"🟡 AMARILLO","🔴 ROJO")))
A13: =IF(B13<>"",ROW()-4,"") | H13: =IF(B13="","",IFERROR(IF(D13="",0,VALUE(LEFT(D13,1)))+IF(E13="",0,VALUE(LEFT(E13,1)))+IF(F13="",0,VALUE(LEFT(F13,1)))+IF(G13="",0,VALUE(LEFT(G13,1))),0)) | I13: =IF(B13="","",IF(H13<=2,"🟢 VERDE",IF(H13<=5,"🟡 AMARILLO","🔴 ROJO")))
A14: =IF(B14<>"",ROW()-4,"") | H14: =IF(B14="","",IFERROR(IF(D14="",0,VALUE(LEFT(D14,1)))+IF(E14="",0,VALUE(LEFT(E14,1)))+IF(F14="",0,VALUE(LEFT(F14,1)))+IF(G14="",0,VALUE(LEFT(G14,1))),0)) | I14: =IF(B14="","",IF(H14<=2,"🟢 VERDE",IF(H14<=5,"🟡 AMARILLO","🔴 ROJO")))
A15: =IF(B15<>"",ROW()-4,"") | H15: =IF(B15="","",IFERROR(IF(D15="",0,VALUE(LEFT(D15,1)))+IF(E15="",0,VALUE(LEFT(E15,1)))+IF(F15="",0,VALUE(LEFT(F15,1)))+IF(G15="",0,VALUE(LEFT(G15,1))),0)) | I15: =IF(B15="","",IF(H15<=2,"🟢 VERDE",IF(H15<=5,"🟡 AMARILLO","🔴 ROJO")))
A16: =IF(B16<>"",ROW()-4,"") | H16: =IF(B16="","",IFERROR(IF(D16="",0,VALUE(LEFT(D16,1)))+IF(E16="",0,VALUE(LEFT(E16,1)))+IF(F16="",0,VALUE(LEFT(F16,1)))+IF(G16="",0,VALUE(LEFT(G16,1))),0)) | I16: =IF(B16="","",IF(H16<=2,"🟢 VERDE",IF(H16<=5,"🟡 AMARILLO","🔴 ROJO")))
... A54: =IF(B54<>"",ROW()-4,"") | H54: =IF(B54="","",IFERROR(IF(D54="",0,VALUE(LEFT(D54,1)))+IF(E54="",0,VALUE(LEFT(E54,1)))+IF(F54="",0,VALUE(LEFT(F54,1)))+IF(G54="",0,VALUE(LEFT(G54,1))),0)) | I54: =IF(B54="","",IF(H54<=2,"🟢 VERDE",IF(H54<=5,"🟡 AMARILLO","🔴 ROJO")))
A55: TOTALES CURSO KB | D55: =COUNTIF(D5:D54,"<>"&"") | E55: =COUNTIF(E5:E54,"<>"&"") | F55: =COUNTIF(F5:F54,"<>"&"") | G55: =COUNTIF(G5:G54,"<>"&"") | H55: =COUNTA(B5:B54) | I55: =COUNTIF(I5:I54,"🔴 ROJO")&" 🔴 "&COUNTIF(I5:I54,"🟡 AMARILLO")&" 🟡 "&COUNTIF(I5:I54,"🟢 VERDE")&" 🟢" | J55: ← Conteo: Rojo · Amarillo · Verde

Sheet KC
A1: CURSO KC — Registro de Seguimiento de Estudiantes
A2: PUNTAJES: 0 = Sin alerta / Regular 1 = Alerta leve 2 = Alerta moderada / Reiterada 3 = Alto riesgo │ SEMÁFORO: Verde 0-2 · Amarillo 3-5 · Rojo 6-12
D3: PUNTAJES POR ÁMBITO (seleccionar del menú desplegable) | H3: RESULTADO
A4: N° | B4: NOMBRE ESTUDIANTE | C4: MENTOR RESPONSABLE | D4: TRAYECTORIA EDUCATIVA | E4: ÁMBITO ACADÉMICO | F4: ÁMBITO CONDUCTUAL | G4: ÁMBITO SOCIOEMOCIONAL | H4: TOTAL | I4: SEMÁFORO | J4: OBSERVACIONES / NOTAS
A5: =IF(B5<>"",ROW()-4,"") | H5: =IF(B5="","",IFERROR(IF(D5="",0,VALUE(LEFT(D5,1)))+IF(E5="",0,VALUE(LEFT(E5,1)))+IF(F5="",0,VALUE(LEFT(F5,1)))+IF(G5="",0,VALUE(LEFT(G5,1))),0)) | I5: =IF(B5="","",IF(H5<=2,"🟢 VERDE",IF(H5<=5,"🟡 AMARILLO","🔴 ROJO")))
A6: =IF(B6<>"",ROW()-4,"") | H6: =IF(B6="","",IFERROR(IF(D6="",0,VALUE(LEFT(D6,1)))+IF(E6="",0,VALUE(LEFT(E6,1)))+IF(F6="",0,VALUE(LEFT(F6,1)))+IF(G6="",0,VALUE(LEFT(G6,1))),0)) | I6: =IF(B6="","",IF(H6<=2,"🟢 VERDE",IF(H6<=5,"🟡 AMARILLO","🔴 ROJO")))
A7: =IF(B7<>"",ROW()-4,"") | H7: =IF(B7="","",IFERROR(IF(D7="",0,VALUE(LEFT(D7,1)))+IF(E7="",0,VALUE(LEFT(E7,1)))+IF(F7="",0,VALUE(LEFT(F7,1)))+IF(G7="",0,VALUE(LEFT(G7,1))),0)) | I7: =IF(B7="","",IF(H7<=2,"🟢 VERDE",IF(H7<=5,"🟡 AMARILLO","🔴 ROJO")))
A8: =IF(B8<>"",ROW()-4,"") | H8: =IF(B8="","",IFERROR(IF(D8="",0,VALUE(LEFT(D8,1)))+IF(E8="",0,VALUE(LEFT(E8,1)))+IF(F8="",0,VALUE(LEFT(F8,1)))+IF(G8="",0,VALUE(LEFT(G8,1))),0)) | I8: =IF(B8="","",IF(H8<=2,"🟢 VERDE",IF(H8<=5,"🟡 AMARILLO","🔴 ROJO")))
A9: =IF(B9<>"",ROW()-4,"") | H9: =IF(B9="","",IFERROR(IF(D9="",0,VALUE(LEFT(D9,1)))+IF(E9="",0,VALUE(LEFT(E9,1)))+IF(F9="",0,VALUE(LEFT(F9,1)))+IF(G9="",0,VALUE(LEFT(G9,1))),0)) | I9: =IF(B9="","",IF(H9<=2,"🟢 VERDE",IF(H9<=5,"🟡 AMARILLO","🔴 ROJO")))
A10: =IF(B10<>"",ROW()-4,"") | H10: =IF(B10="","",IFERROR(IF(D10="",0,VALUE(LEFT(D10,1)))+IF(E10="",0,VALUE(LEFT(E10,1)))+IF(F10="",0,VALUE(LEFT(F10,1)))+IF(G10="",0,VALUE(LEFT(G10,1))),0)) | I10: =IF(B10="","",IF(H10<=2,"🟢 VERDE",IF(H10<=5,"🟡 AMARILLO","🔴 ROJO")))
A11: =IF(B11<>"",ROW()-4,"") | H11: =IF(B11="","",IFERROR(IF(D11="",0,VALUE(LEFT(D11,1)))+IF(E11="",0,VALUE(LEFT(E11,1)))+IF(F11="",0,VALUE(LEFT(F11,1)))+IF(G11="",0,VALUE(LEFT(G11,1))),0)) | I11: =IF(B11="","",IF(H11<=2,"🟢 VERDE",IF(H11<=5,"🟡 AMARILLO","🔴 ROJO")))
A12: =IF(B12<>"",ROW()-4,"") | H12: =IF(B12="","",IFERROR(IF(D12="",0,VALUE(LEFT(D12,1)))+IF(E12="",0,VALUE(LEFT(E12,1)))+IF(F12="",0,VALUE(LEFT(F12,1)))+IF(G12="",0,VALUE(LEFT(G12,1))),0)) | I12: =IF(B12="","",IF(H12<=2,"🟢 VERDE",IF(H12<=5,"🟡 AMARILLO","🔴 ROJO")))
A13: =IF(B13<>"",ROW()-4,"") | H13: =IF(B13="","",IFERROR(IF(D13="",0,VALUE(LEFT(D13,1)))+IF(E13="",0,VALUE(LEFT(E13,1)))+IF(F13="",0,VALUE(LEFT(F13,1)))+IF(G13="",0,VALUE(LEFT(G13,1))),0)) | I13: =IF(B13="","",IF(H13<=2,"🟢 VERDE",IF(H13<=5,"🟡 AMARILLO","🔴 ROJO")))
A14: =IF(B14<>"",ROW()-4,"") | H14: =IF(B14="","",IFERROR(IF(D14="",0,VALUE(LEFT(D14,1)))+IF(E14="",0,VALUE(LEFT(E14,1)))+IF(F14="",0,VALUE(LEFT(F14,1)))+IF(G14="",0,VALUE(LEFT(G14,1))),0)) | I14: =IF(B14="","",IF(H14<=2,"🟢 VERDE",IF(H14<=5,"🟡 AMARILLO","🔴 ROJO")))
A15: =IF(B15<>"",ROW()-4,"") | H15: =IF(B15="","",IFERROR(IF(D15="",0,VALUE(LEFT(D15,1)))+IF(E15="",0,VALUE(LEFT(E15,1)))+IF(F15="",0,VALUE(LEFT(F15,1)))+IF(G15="",0,VALUE(LEFT(G15,1))),0)) | I15: =IF(B15="","",IF(H15<=2,"🟢 VERDE",IF(H15<=5,"🟡 AMARILLO","🔴 ROJO")))
A16: =IF(B16<>"",ROW()-4,"") | H16: =IF(B16="","",IFERROR(IF(D16="",0,VALUE(LEFT(D16,1)))+IF(E16="",0,VALUE(LEFT(E16,1)))+IF(F16="",0,VALUE(LEFT(F16,1)))+IF(G16="",0,VALUE(LEFT(G16,1))),0)) | I16: =IF(B16="","",IF(H16<=2,"🟢 VERDE",IF(H16<=5,"🟡 AMARILLO","🔴 ROJO")))
... A54: =IF(B54<>"",ROW()-4,"") | H54: =IF(B54="","",IFERROR(IF(D54="",0,VALUE(LEFT(D54,1)))+IF(E54="",0,VALUE(LEFT(E54,1)))+IF(F54="",0,VALUE(LEFT(F54,1)))+IF(G54="",0,VALUE(LEFT(G54,1))),0)) | I54: =IF(B54="","",IF(H54<=2,"🟢 VERDE",IF(H54<=5,"🟡 AMARILLO","🔴 ROJO")))
A55: TOTALES CURSO KC | D55: =COUNTIF(D5:D54,"<>"&"") | E55: =COUNTIF(E5:E54,"<>"&"") | F55: =COUNTIF(F5:F54,"<>"&"") | G55: =COUNTIF(G5:G54,"<>"&"") | H55: =COUNTA(B5:B54) | I55: =COUNTIF(I5:I54,"🔴 ROJO")&" 🔴 "&COUNTIF(I5:I54,"🟡 AMARILLO")&" 🟡 "&COUNTIF(I5:I54,"🟢 VERDE")&" 🟢" | J55: ← Conteo: Rojo · Amarillo · Verde

Sheet 1A
A1: CURSO 1A — Registro de Seguimiento de Estudiantes
A2: PUNTAJES: 0 = Sin alerta / Regular 1 = Alerta leve 2 = Alerta moderada / Reiterada 3 = Alto riesgo │ SEMÁFORO: Verde 0-2 · Amarillo 3-5 · Rojo 6-12
D3: PUNTAJES POR ÁMBITO (seleccionar del menú desplegable) | H3: RESULTADO
A4: N° | B4: NOMBRE ESTUDIANTE | C4: MENTOR RESPONSABLE | D4: TRAYECTORIA EDUCATIVA | E4: ÁMBITO ACADÉMICO | F4: ÁMBITO CONDUCTUAL | G4: ÁMBITO SOCIOEMOCIONAL | H4: TOTAL | I4: SEMÁFORO | J4: OBSERVACIONES / NOTAS
A5: =IF(B5<>"",ROW()-4,"") | H5: =IF(B5="","",IFERROR(IF(D5="",0,VALUE(LEFT(D5,1)))+IF(E5="",0,VALUE(LEFT(E5,1)))+IF(F5="",0,VALUE(LEFT(F5,1)))+IF(G5="",0,VALUE(LEFT(G5,1))),0)) | I5: =IF(B5="","",IF(H5<=2,"🟢 VERDE",IF(H5<=5,"🟡 AMARILLO","🔴 ROJO")))
A6: =IF(B6<>"",ROW()-4,"") | H6: =IF(B6="","",IFERROR(IF(D6="",0,VALUE(LEFT(D6,1)))+IF(E6="",0,VALUE(LEFT(E6,1)))+IF(F6="",0,VALUE(LEFT(F6,1)))+IF(G6="",0,VALUE(LEFT(G6,1))),0)) | I6: =IF(B6="","",IF(H6<=2,"🟢 VERDE",IF(H6<=5,"🟡 AMARILLO","🔴 ROJO")))
A7: =IF(B7<>"",ROW()-4,"") | H7: =IF(B7="","",IFERROR(IF(D7="",0,VALUE(LEFT(D7,1)))+IF(E7="",0,VALUE(LEFT(E7,1)))+IF(F7="",0,VALUE(LEFT(F7,1)))+IF(G7="",0,VALUE(LEFT(G7,1))),0)) | I7: =IF(B7="","",IF(H7<=2,"🟢 VERDE",IF(H7<=5,"🟡 AMARILLO","🔴 ROJO")))
A8: =IF(B8<>"",ROW()-4,"") | H8: =IF(B8="","",IFERROR(IF(D8="",0,VALUE(LEFT(D8,1)))+IF(E8="",0,VALUE(LEFT(E8,1)))+IF(F8="",0,VALUE(LEFT(F8,1)))+IF(G8="",0,VALUE(LEFT(G8,1))),0)) | I8: =IF(B8="","",IF(H8<=2,"🟢 VERDE",IF(H8<=5,"🟡 AMARILLO","🔴 ROJO")))
A9: =IF(B9<>"",ROW()-4,"") | H9: =IF(B9="","",IFERROR(IF(D9="",0,VALUE(LEFT(D9,1)))+IF(E9="",0,VALUE(LEFT(E9,1)))+IF(F9="",0,VALUE(LEFT(F9,1)))+IF(G9="",0,VALUE(LEFT(G9,1))),0)) | I9: =IF(B9="","",IF(H9<=2,"🟢 VERDE",IF(H9<=5,"🟡 AMARILLO","🔴 ROJO")))
A10: =IF(B10<>"",ROW()-4,"") | H10: =IF(B10="","",IFERROR(IF(D10="",0,VALUE(LEFT(D10,1)))+IF(E10="",0,VALUE(LEFT(E10,1)))+IF(F10="",0,VALUE(LEFT(F10,1)))+IF(G10="",0,VALUE(LEFT(G10,1))),0)) | I10: =IF(B10="","",IF(H10<=2,"🟢 VERDE",IF(H10<=5,"🟡 AMARILLO","🔴 ROJO")))
A11: =IF(B11<>"",ROW()-4,"") | H11: =IF(B11="","",IFERROR(IF(D11="",0,VALUE(LEFT(D11,1)))+IF(E11="",0,VALUE(LEFT(E11,1)))+IF(F11="",0,VALUE(LEFT(F11,1)))+IF(G11="",0,VALUE(LEFT(G11,1))),0)) | I11: =IF(B11="","",IF(H11<=2,"🟢 VERDE",IF(H11<=5,"🟡 AMARILLO","🔴 ROJO")))
A12: =IF(B12<>"",ROW()-4,"") | H12: =IF(B12="","",IFERROR(IF(D12="",0,VALUE(LEFT(D12,1)))+IF(E12="",0,VALUE(LEFT(E12,1)))+IF(F12="",0,VALUE(LEFT(F12,1)))+IF(G12="",0,VALUE(LEFT(G12,1))),0)) | I12: =IF(B12="","",IF(H12<=2,"🟢 VERDE",IF(H12<=5,"🟡 AMARILLO","🔴 ROJO")))
A13: =IF(B13<>"",ROW()-4,"") | H13: =IF(B13="","",IFERROR(IF(D13="",0,VALUE(LEFT(D13,1)))+IF(E13="",0,VALUE(LEFT(E13,1)))+IF(F13="",0,VALUE(LEFT(F13,1)))+IF(G13="",0,VALUE(LEFT(G13,1))),0)) | I13: =IF(B13="","",IF(H13<=2,"🟢 VERDE",IF(H13<=5,"🟡 AMARILLO","🔴 ROJO")))
A14: =IF(B14<>"",ROW()-4,"") | H14: =IF(B14="","",IFERROR(IF(D14="",0,VALUE(LEFT(D14,1)))+IF(E14="",0,VALUE(LEFT(E14,1)))+IF(F14="",0,VALUE(LEFT(F14,1)))+IF(G14="",0,VALUE(LEFT(G14,1))),0)) | I14: =IF(B14="","",IF(H14<=2,"🟢 VERDE",IF(H14<=5,"🟡 AMARILLO","🔴 ROJO")))
A15: =IF(B15<>"",ROW()-4,"") | H15: =IF(B15="","",IFERROR(IF(D15="",0,VALUE(LEFT(D15,1)))+IF(E15="",0,VALUE(LEFT(E15,1)))+IF(F15="",0,VALUE(LEFT(F15,1)))+IF(G15="",0,VALUE(LEFT(G15,1))),0)) | I15: =IF(B15="","",IF(H15<=2,"🟢 VERDE",IF(H15<=5,"🟡 AMARILLO","🔴 ROJO")))
A16: =IF(B16<>"",ROW()-4,"") | H16: =IF(B16="","",IFERROR(IF(D16="",0,VALUE(LEFT(D16,1)))+IF(E16="",0,VALUE(LEFT(E16,1)))+IF(F16="",0,VALUE(LEFT(F16,1)))+IF(G16="",0,VALUE(LEFT(G16,1))),0)) | I16: =IF(B16="","",IF(H16<=2,"🟢 VERDE",IF(H16<=5,"🟡 AMARILLO","🔴 ROJO")))
... A54: =IF(B54<>"",ROW()-4,"") | H54: =IF(B54="","",IFERROR(IF(D54="",0,VALUE(LEFT(D54,1)))+IF(E54="",0,VALUE(LEFT(E54,1)))+IF(F54="",0,VALUE(LEFT(F54,1)))+IF(G54="",0,VALUE(LEFT(G54,1))),0)) | I54: =IF(B54="","",IF(H54<=2,"🟢 VERDE",IF(H54<=5,"🟡 AMARILLO","🔴 ROJO")))
A55: TOTALES CURSO 1A | D55: =COUNTIF(D5:D54,"<>"&"") | E55: =COUNTIF(E5:E54,"<>"&"") | F55: =COUNTIF(F5:F54,"<>"&"") | G55: =COUNTIF(G5:G54,"<>"&"") | H55: =COUNTA(B5:B54) | I55: =COUNTIF(I5:I54,"🔴 ROJO")&" 🔴 "&COUNTIF(I5:I54,"🟡 AMARILLO")&" 🟡 "&COUNTIF(I5:I54,"🟢 VERDE")&" 🟢" | J55: ← Conteo: Rojo · Amarillo · Verde

Sheet 1B
A1: CURSO 1B — Registro de Seguimiento de Estudiantes
A2: PUNTAJES: 0 = Sin alerta / Regular 1 = Alerta leve 2 = Alerta moderada / Reiterada 3 = Alto riesgo │ SEMÁFORO: Verde 0-2 · Amarillo 3-5 · Rojo 6-12
D3: PUNTAJES POR ÁMBITO (seleccionar del menú desplegable) | H3: RESULTADO
A4: N° | B4: NOMBRE ESTUDIANTE | C4: MENTOR RESPONSABLE | D4: TRAYECTORIA EDUCATIVA | E4: ÁMBITO ACADÉMICO | F4: ÁMBITO CONDUCTUAL | G4: ÁMBITO SOCIOEMOCIONAL | H4: TOTAL | I4: SEMÁFORO | J4: OBSERVACIONES / NOTAS
A5: =IF(B5<>"",ROW()-4,"") | H5: =IF(B5="","",IFERROR(IF(D5="",0,VALUE(LEFT(D5,1)))+IF(E5="",0,VALUE(LEFT(E5,1)))+IF(F5="",0,VALUE(LEFT(F5,1)))+IF(G5="",0,VALUE(LEFT(G5,1))),0)) | I5: =IF(B5="","",IF(H5<=2,"🟢 VERDE",IF(H5<=5,"🟡 AMARILLO","🔴 ROJO")))
A6: =IF(B6<>"",ROW()-4,"") | H6: =IF(B6="","",IFERROR(IF(D6="",0,VALUE(LEFT(D6,1)))+IF(E6="",0,VALUE(LEFT(E6,1)))+IF(F6="",0,VALUE(LEFT(F6,1)))+IF(G6="",0,VALUE(LEFT(G6,1))),0)) | I6: =IF(B6="","",IF(H6<=2,"🟢 VERDE",IF(H6<=5,"🟡 AMARILLO","🔴 ROJO")))
A7: =IF(B7<>"",ROW()-4,"") | H7: =IF(B7="","",IFERROR(IF(D7="",0,VALUE(LEFT(D7,1)))+IF(E7="",0,VALUE(LEFT(E7,1)))+IF(F7="",0,VALUE(LEFT(F7,1)))+IF(G7="",0,VALUE(LEFT(G7,1))),0)) | I7: =IF(B7="","",IF(H7<=2,"🟢 VERDE",IF(H7<=5,"🟡 AMARILLO","🔴 ROJO")))
A8: =IF(B8<>"",ROW()-4,"") | H8: =IF(B8="","",IFERROR(IF(D8="",0,VALUE(LEFT(D8,1)))+IF(E8="",0,VALUE(LEFT(E8,1)))+IF(F8="",0,VALUE(LEFT(F8,1)))+IF(G8="",0,VALUE(LEFT(G8,1))),0)) | I8: =IF(B8="","",IF(H8<=2,"🟢 VERDE",IF(H8<=5,"🟡 AMARILLO","🔴 ROJO")))
A9: =IF(B9<>"",ROW()-4,"") | H9: =IF(B9="","",IFERROR(IF(D9="",0,VALUE(LEFT(D9,1)))+IF(E9="",0,VALUE(LEFT(E9,1)))+IF(F9="",0,VALUE(LEFT(F9,1)))+IF(G9="",0,VALUE(LEFT(G9,1))),0)) | I9: =IF(B9="","",IF(H9<=2,"🟢 VERDE",IF(H9<=5,"🟡 AMARILLO","🔴 ROJO")))
A10: =IF(B10<>"",ROW()-4,"") | H10: =IF(B10="","",IFERROR(IF(D10="",0,VALUE(LEFT(D10,1)))+IF(E10="",0,VALUE(LEFT(E10,1)))+IF(F10="",0,VALUE(LEFT(F10,1)))+IF(G10="",0,VALUE(LEFT(G10,1))),0)) | I10: =IF(B10="","",IF(H10<=2,"🟢 VERDE",IF(H10<=5,"🟡 AMARILLO","🔴 ROJO")))
A11: =IF(B11<>"",ROW()-4,"") | H11: =IF(B11="","",IFERROR(IF(D11="",0,VALUE(LEFT(D11,1)))+IF(E11="",0,VALUE(LEFT(E11,1)))+IF(F11="",0,VALUE(LEFT(F11,1)))+IF(G11="",0,VALUE(LEFT(G11,1))),0)) | I11: =IF(B11="","",IF(H11<=2,"🟢 VERDE",IF(H11<=5,"🟡 AMARILLO","🔴 ROJO")))
A12: =IF(B12<>"",ROW()-4,"") | H12: =IF(B12="","",IFERROR(IF(D12="",0,VALUE(LEFT(D12,1)))+IF(E12="",0,VALUE(LEFT(E12,1)))+IF(F12="",0,VALUE(LEFT(F12,1)))+IF(G12="",0,VALUE(LEFT(G12,1))),0)) | I12: =IF(B12="","",IF(H12<=2,"🟢 VERDE",IF(H12<=5,"🟡 AMARILLO","🔴 ROJO")))
A13: =IF(B13<>"",ROW()-4,"") | H13: =IF(B13="","",IFERROR(IF(D13="",0,VALUE(LEFT(D13,1)))+IF(E13="",0,VALUE(LEFT(E13,1)))+IF(F13="",0,VALUE(LEFT(F13,1)))+IF(G13="",0,VALUE(LEFT(G13,1))),0)) | I13: =IF(B13="","",IF(H13<=2,"🟢 VERDE",IF(H13<=5,"🟡 AMARILLO","🔴 ROJO")))
A14: =IF(B14<>"",ROW()-4,"") | H14: =IF(B14="","",IFERROR(IF(D14="",0,VALUE(LEFT(D14,1)))+IF(E14="",0,VALUE(LEFT(E14,1)))+IF(F14="",0,VALUE(LEFT(F14,1)))+IF(G14="",0,VALUE(LEFT(G14,1))),0)) | I14: =IF(B14="","",IF(H14<=2,"🟢 VERDE",IF(H14<=5,"🟡 AMARILLO","🔴 ROJO")))
A15: =IF(B15<>"",ROW()-4,"") | H15: =IF(B15="","",IFERROR(IF(D15="",0,VALUE(LEFT(D15,1)))+IF(E15="",0,VALUE(LEFT(E15,1)))+IF(F15="",0,VALUE(LEFT(F15,1)))+IF(G15="",0,VALUE(LEFT(G15,1))),0)) | I15: =IF(B15="","",IF(H15<=2,"🟢 VERDE",IF(H15<=5,"🟡 AMARILLO","🔴 ROJO")))
A16: =IF(B16<>"",ROW()-4,"") | H16: =IF(B16="","",IFERROR(IF(D16="",0,VALUE(LEFT(D16,1)))+IF(E16="",0,VALUE(LEFT(E16,1)))+IF(F16="",0,VALUE(LEFT(F16,1)))+IF(G16="",0,VALUE(LEFT(G16,1))),0)) | I16: =IF(B16="","",IF(H16<=2,"🟢 VERDE",IF(H16<=5,"🟡 AMARILLO","🔴 ROJO")))
... A54: =IF(B54<>"",ROW()-4,"") | H54: =IF(B54="","",IFERROR(IF(D54="",0,VALUE(LEFT(D54,1)))+IF(E54="",0,VALUE(LEFT(E54,1)))+IF(F54="",0,VALUE(LEFT(F54,1)))+IF(G54="",0,VALUE(LEFT(G54,1))),0)) | I54: =IF(B54="","",IF(H54<=2,"🟢 VERDE",IF(H54<=5,"🟡 AMARILLO","🔴 ROJO")))
A55: TOTALES CURSO 1B | D55: =COUNTIF(D5:D54,"<>"&"") | E55: =COUNTIF(E5:E54,"<>"&"") | F55: =COUNTIF(F5:F54,"<>"&"") | G55: =COUNTIF(G5:G54,"<>"&"") | H55: =COUNTA(B5:B54) | I55: =COUNTIF(I5:I54,"🔴 ROJO")&" 🔴 "&COUNTIF(I5:I54,"🟡 AMARILLO")&" 🟡 "&COUNTIF(I5:I54,"🟢 VERDE")&" 🟢" | J55: ← Conteo: Rojo · Amarillo · Verde

Sheet 1C
A1: CURSO 1C — Registro de Seguimiento de Estudiantes
A2: PUNTAJES: 0 = Sin alerta / Regular 1 = Alerta leve 2 = Alerta moderada / Reiterada 3 = Alto riesgo │ SEMÁFORO: Verde 0-2 · Amarillo 3-5 · Rojo 6-12
D3: PUNTAJES POR ÁMBITO (seleccionar del menú desplegable) | H3: RESULTADO
A4: N° | B4: NOMBRE ESTUDIANTE | C4: MENTOR RESPONSABLE | D4: TRAYECTORIA EDUCATIVA | E4: ÁMBITO ACADÉMICO | F4: ÁMBITO CONDUCTUAL | G4: ÁMBITO SOCIOEMOCIONAL | H4: TOTAL | I4: SEMÁFORO | J4: OBSERVACIONES / NOTAS
A5: =IF(B5<>"",ROW()-4,"") | H5: =IF(B5="","",IFERROR(IF(D5="",0,VALUE(LEFT(D5,1)))+IF(E5="",0,VALUE(LEFT(E5,1)))+IF(F5="",0,VALUE(LEFT(F5,1)))+IF(G5="",0,VALUE(LEFT(G5,1))),0)) | I5: =IF(B5="","",IF(H5<=2,"🟢 VERDE",IF(H5<=5,"🟡 AMARILLO","🔴 ROJO")))
A6: =IF(B6<>"",ROW()-4,"") | H6: =IF(B6="","",IFERROR(IF(D6="",0,VALUE(LEFT(D6,1)))+IF(E6="",0,VALUE(LEFT(E6,1)))+IF(F6="",0,VALUE(LEFT(F6,1)))+IF(G6="",0,VALUE(LEFT(G6,1))),0)) | I6: =IF(B6="","",IF(H6<=2,"🟢 VERDE",IF(H6<=5,"🟡 AMARILLO","🔴 ROJO")))
A7: =IF(B7<>"",ROW()-4,"") | H7: =IF(B7="","",IFERROR(IF(D7="",0,VALUE(LEFT(D7,1)))+IF(E7="",0,VALUE(LEFT(E7,1)))+IF(F7="",0,VALUE(LEFT(F7,1)))+IF(G7="",0,VALUE(LEFT(G7,1))),0)) | I7: =IF(B7="","",IF(H7<=2,"🟢 VERDE",IF(H7<=5,"🟡 AMARILLO","🔴 ROJO")))
A8: =IF(B8<>"",ROW()-4,"") | H8: =IF(B8="","",IFERROR(IF(D8="",0,VALUE(LEFT(D8,1)))+IF(E8="",0,VALUE(LEFT(E8,1)))+IF(F8="",0,VALUE(LEFT(F8,1)))+IF(G8="",0,VALUE(LEFT(G8,1))),0)) | I8: =IF(B8="","",IF(H8<=2,"🟢 VERDE",IF(H8<=5,"🟡 AMARILLO","🔴 ROJO")))
A9: =IF(B9<>"",ROW()-4,"") | H9: =IF(B9="","",IFERROR(IF(D9="",0,VALUE(LEFT(D9,1)))+IF(E9="",0,VALUE(LEFT(E9,1)))+IF(F9="",0,VALUE(LEFT(F9,1)))+IF(G9="",0,VALUE(LEFT(G9,1))),0)) | I9: =IF(B9="","",IF(H9<=2,"🟢 VERDE",IF(H9<=5,"🟡 AMARILLO","🔴 ROJO")))
A10: =IF(B10<>"",ROW()-4,"") | H10: =IF(B10="","",IFERROR(IF(D10="",0,VALUE(LEFT(D10,1)))+IF(E10="",0,VALUE(LEFT(E10,1)))+IF(F10="",0,VALUE(LEFT(F10,1)))+IF(G10="",0,VALUE(LEFT(G10,1))),0)) | I10: =IF(B10="","",IF(H10<=2,"🟢 VERDE",IF(H10<=5,"🟡 AMARILLO","🔴 ROJO")))
A11: =IF(B11<>"",ROW()-4,"") | H11: =IF(B11="","",IFERROR(IF(D11="",0,VALUE(LEFT(D11,1)))+IF(E11="",0,VALUE(LEFT(E11,1)))+IF(F11="",0,VALUE(LEFT(F11,1)))+IF(G11="",0,VALUE(LEFT(G11,1))),0)) | I11: =IF(B11="","",IF(H11<=2,"🟢 VERDE",IF(H11<=5,"🟡 AMARILLO","🔴 ROJO")))
A12: =IF(B12<>"",ROW()-4,"") | H12: =IF(B12="","",IFERROR(IF(D12="",0,VALUE(LEFT(D12,1)))+IF(E12="",0,VALUE(LEFT(E12,1)))+IF(F12="",0,VALUE(LEFT(F12,1)))+IF(G12="",0,VALUE(LEFT(G12,1))),0)) | I12: =IF(B12="","",IF(H12<=2,"🟢 VERDE",IF(H12<=5,"🟡 AMARILLO","🔴 ROJO")))
A13: =IF(B13<>"",ROW()-4,"") | H13: =IF(B13="","",IFERROR(IF(D13="",0,VALUE(LEFT(D13,1)))+IF(E13="",0,VALUE(LEFT(E13,1)))+IF(F13="",0,VALUE(LEFT(F13,1)))+IF(G13="",0,VALUE(LEFT(G13,1))),0)) | I13: =IF(B13="","",IF(H13<=2,"🟢 VERDE",IF(H13<=5,"🟡 AMARILLO","🔴 ROJO")))
A14: =IF(B14<>"",ROW()-4,"") | H14: =IF(B14="","",IFERROR(IF(D14="",0,VALUE(LEFT(D14,1)))+IF(E14="",0,VALUE(LEFT(E14,1)))+IF(F14="",0,VALUE(LEFT(F14,1)))+IF(G14="",0,VALUE(LEFT(G14,1))),0)) | I14: =IF(B14="","",IF(H14<=2,"🟢 VERDE",IF(H14<=5,"🟡 AMARILLO","🔴 ROJO")))
A15: =IF(B15<>"",ROW()-4,"") | H15: =IF(B15="","",IFERROR(IF(D15="",0,VALUE(LEFT(D15,1)))+IF(E15="",0,VALUE(LEFT(E15,1)))+IF(F15="",0,VALUE(LEFT(F15,1)))+IF(G15="",0,VALUE(LEFT(G15,1))),0)) | I15: =IF(B15="","",IF(H15<=2,"🟢 VERDE",IF(H15<=5,"🟡 AMARILLO","🔴 ROJO")))
A16: =IF(B16<>"",ROW()-4,"") | H16: =IF(B16="","",IFERROR(IF(D16="",0,VALUE(LEFT(D16,1)))+IF(E16="",0,VALUE(LEFT(E16,1)))+IF(F16="",0,VALUE(LEFT(F16,1)))+IF(G16="",0,VALUE(LEFT(G16,1))),0)) | I16: =IF(B16="","",IF(H16<=2,"🟢 VERDE",IF(H16<=5,"🟡 AMARILLO","🔴 ROJO")))
... A54: =IF(B54<>"",ROW()-4,"") | H54: =IF(B54="","",IFERROR(IF(D54="",0,VALUE(LEFT(D54,1)))+IF(E54="",0,VALUE(LEFT(E54,1)))+IF(F54="",0,VALUE(LEFT(F54,1)))+IF(G54="",0,VALUE(LEFT(G54,1))),0)) | I54: =IF(B54="","",IF(H54<=2,"🟢 VERDE",IF(H54<=5,"🟡 AMARILLO","🔴 ROJO")))
A55: TOTALES CURSO 1C | D55: =COUNTIF(D5:D54,"<>"&"") | E55: =COUNTIF(E5:E54,"<>"&"") | F55: =COUNTIF(F5:F54,"<>"&"") | G55: =COUNTIF(G5:G54,"<>"&"") | H55: =COUNTA(B5:B54) | I55: =COUNTIF(I5:I54,"🔴 ROJO")&" 🔴 "&COUNTIF(I5:I54,"🟡 AMARILLO")&" 🟡 "&COUNTIF(I5:I54,"🟢 VERDE")&" 🟢" | J55: ← Conteo: Rojo · Amarillo · Verde

Sheet 2A
A1: CURSO 2A — Registro de Seguimiento de Estudiantes
A2: PUNTAJES: 0 = Sin alerta / Regular 1 = Alerta leve 2 = Alerta moderada / Reiterada 3 = Alto riesgo │ SEMÁFORO: Verde 0-2 · Amarillo 3-5 · Rojo 6-12
D3: PUNTAJES POR ÁMBITO (seleccionar del menú desplegable) | H3: RESULTADO
A4: N° | B4: NOMBRE ESTUDIANTE | C4: MENTOR RESPONSABLE | D4: TRAYECTORIA EDUCATIVA | E4: ÁMBITO ACADÉMICO | F4: ÁMBITO CONDUCTUAL | G4: ÁMBITO SOCIOEMOCIONAL | H4: TOTAL | I4: SEMÁFORO | J4: OBSERVACIONES / NOTAS
A5: =IF(B5<>"",ROW()-4,"") | H5: =IF(B5="","",IFERROR(IF(D5="",0,VALUE(LEFT(D5,1)))+IF(E5="",0,VALUE(LEFT(E5,1)))+IF(F5="",0,VALUE(LEFT(F5,1)))+IF(G5="",0,VALUE(LEFT(G5,1))),0)) | I5: =IF(B5="","",IF(H5<=2,"🟢 VERDE",IF(H5<=5,"🟡 AMARILLO","🔴 ROJO")))
A6: =IF(B6<>"",ROW()-4,"") | H6: =IF(B6="","",IFERROR(IF(D6="",0,VALUE(LEFT(D6,1)))+IF(E6="",0,VALUE(LEFT(E6,1)))+IF(F6="",0,VALUE(LEFT(F6,1)))+IF(G6="",0,VALUE(LEFT(G6,1))),0)) | I6: =IF(B6="","",IF(H6<=2,"🟢 VERDE",IF(H6<=5,"🟡 AMARILLO","🔴 ROJO")))
A7: =IF(B7<>"",ROW()-4,"") | H7: =IF(B7="","",IFERROR(IF(D7="",0,VALUE(LEFT(D7,1)))+IF(E7="",0,VALUE(LEFT(E7,1)))+IF(F7="",0,VALUE(LEFT(F7,1)))+IF(G7="",0,VALUE(LEFT(G7,1))),0)) | I7: =IF(B7="","",IF(H7<=2,"🟢 VERDE",IF(H7<=5,"🟡 AMARILLO","🔴 ROJO")))
A8: =IF(B8<>"",ROW()-4,"") | H8: =IF(B8="","",IFERROR(IF(D8="",0,VALUE(LEFT(D8,1)))+IF(E8="",0,VALUE(LEFT(E8,1)))+IF(F8="",0,VALUE(LEFT(F8,1)))+IF(G8="",0,VALUE(LEFT(G8,1))),0)) | I8: =IF(B8="","",IF(H8<=2,"🟢 VERDE",IF(H8<=5,"🟡 AMARILLO","🔴 ROJO")))
A9: =IF(B9<>"",ROW()-4,"") | H9: =IF(B9="","",IFERROR(IF(D9="",0,VALUE(LEFT(D9,1)))+IF(E9="",0,VALUE(LEFT(E9,1)))+IF(F9="",0,VALUE(LEFT(F9,1)))+IF(G9="",0,VALUE(LEFT(G9,1))),0)) | I9: =IF(B9="","",IF(H9<=2,"🟢 VERDE",IF(H9<=5,"🟡 AMARILLO","🔴 ROJO")))
A10: =IF(B10<>"",ROW()-4,"") | H10: =IF(B10="","",IFERROR(IF(D10="",0,VALUE(LEFT(D10,1)))+IF(E10="",0,VALUE(LEFT(E10,1)))+IF(F10="",0,VALUE(LEFT(F10,1)))+IF(G10="",0,VALUE(LEFT(G10,1))),0)) | I10: =IF(B10="","",IF(H10<=2,"🟢 VERDE",IF(H10<=5,"🟡 AMARILLO","🔴 ROJO")))
A11: =IF(B11<>"",ROW()-4,"") | H11: =IF(B11="","",IFERROR(IF(D11="",0,VALUE(LEFT(D11,1)))+IF(E11="",0,VALUE(LEFT(E11,1)))+IF(F11="",0,VALUE(LEFT(F11,1)))+IF(G11="",0,VALUE(LEFT(G11,1))),0)) | I11: =IF(B11="","",IF(H11<=2,"🟢 VERDE",IF(H11<=5,"🟡 AMARILLO","🔴 ROJO")))
A12: =IF(B12<>"",ROW()-4,"") | H12: =IF(B12="","",IFERROR(IF(D12="",0,VALUE(LEFT(D12,1)))+IF(E12="",0,VALUE(LEFT(E12,1)))+IF(F12="",0,VALUE(LEFT(F12,1)))+IF(G12="",0,VALUE(LEFT(G12,1))),0)) | I12: =IF(B12="","",IF(H12<=2,"🟢 VERDE",IF(H12<=5,"🟡 AMARILLO","🔴 ROJO")))
A13: =IF(B13<>"",ROW()-4,"") | H13: =IF(B13="","",IFERROR(IF(D13="",0,VALUE(LEFT(D13,1)))+IF(E13="",0,VALUE(LEFT(E13,1)))+IF(F13="",0,VALUE(LEFT(F13,1)))+IF(G13="",0,VALUE(LEFT(G13,1))),0)) | I13: =IF(B13="","",IF(H13<=2,"🟢 VERDE",IF(H13<=5,"🟡 AMARILLO","🔴 ROJO")))
A14: =IF(B14<>"",ROW()-4,"") | H14: =IF(B14="","",IFERROR(IF(D14="",0,VALUE(LEFT(D14,1)))+IF(E14="",0,VALUE(LEFT(E14,1)))+IF(F14="",0,VALUE(LEFT(F14,1)))+IF(G14="",0,VALUE(LEFT(G14,1))),0)) | I14: =IF(B14="","",IF(H14<=2,"🟢 VERDE",IF(H14<=5,"🟡 AMARILLO","🔴 ROJO")))
A15: =IF(B15<>"",ROW()-4,"") | H15: =IF(B15="","",IFERROR(IF(D15="",0,VALUE(LEFT(D15,1)))+IF(E15="",0,VALUE(LEFT(E15,1)))+IF(F15="",0,VALUE(LEFT(F15,1)))+IF(G15="",0,VALUE(LEFT(G15,1))),0)) | I15: =IF(B15="","",IF(H15<=2,"🟢 VERDE",IF(H15<=5,"🟡 AMARILLO","🔴 ROJO")))
A16: =IF(B16<>"",ROW()-4,"") | H16: =IF(B16="","",IFERROR(IF(D16="",0,VALUE(LEFT(D16,1)))+IF(E16="",0,VALUE(LEFT(E16,1)))+IF(F16="",0,VALUE(LEFT(F16,1)))+IF(G16="",0,VALUE(LEFT(G16,1))),0)) | I16: =IF(B16="","",IF(H16<=2,"🟢 VERDE",IF(H16<=5,"🟡 AMARILLO","🔴 ROJO")))
... A54: =IF(B54<>"",ROW()-4,"") | H54: =IF(B54="","",IFERROR(IF(D54="",0,VALUE(LEFT(D54,1)))+IF(E54="",0,VALUE(LEFT(E54,1)))+IF(F54="",0,VALUE(LEFT(F54,1)))+IF(G54="",0,VALUE(LEFT(G54,1))),0)) | I54: =IF(B54="","",IF(H54<=2,"🟢 VERDE",IF(H54<=5,"🟡 AMARILLO","🔴 ROJO")))
A55: TOTALES CURSO 2A | D55: =COUNTIF(D5:D54,"<>"&"") | E55: =COUNTIF(E5:E54,"<>"&"") | F55: =COUNTIF(F5:F54,"<>"&"") | G55: =COUNTIF(G5:G54,"<>"&"") | H55: =COUNTA(B5:B54) | I55: =COUNTIF(I5:I54,"🔴 ROJO")&" 🔴 "&COUNTIF(I5:I54,"🟡 AMARILLO")&" 🟡 "&COUNTIF(I5:I54,"🟢 VERDE")&" 🟢" | J55: ← Conteo: Rojo · Amarillo · Verde

Sheet 2B
A1: CURSO 2B — Registro de Seguimiento de Estudiantes
A2: PUNTAJES: 0 = Sin alerta / Regular 1 = Alerta leve 2 = Alerta moderada / Reiterada 3 = Alto riesgo │ SEMÁFORO: Verde 0-2 · Amarillo 3-5 · Rojo 6-12
D3: PUNTAJES POR ÁMBITO (seleccionar del menú desplegable) | H3: RESULTADO
A4: N° | B4: NOMBRE ESTUDIANTE | C4: MENTOR RESPONSABLE | D4: TRAYECTORIA EDUCATIVA | E4: ÁMBITO ACADÉMICO | F4: ÁMBITO CONDUCTUAL | G4: ÁMBITO SOCIOEMOCIONAL | H4: TOTAL | I4: SEMÁFORO | J4: OBSERVACIONES / NOTAS
A5: =IF(B5<>"",ROW()-4,"") | H5: =IF(B5="","",IFERROR(IF(D5="",0,VALUE(LEFT(D5,1)))+IF(E5="",0,VALUE(LEFT(E5,1)))+IF(F5="",0,VALUE(LEFT(F5,1)))+IF(G5="",0,VALUE(LEFT(G5,1))),0)) | I5: =IF(B5="","",IF(H5<=2,"🟢 VERDE",IF(H5<=5,"🟡 AMARILLO","🔴 ROJO")))
A6: =IF(B6<>"",ROW()-4,"") | H6: =IF(B6="","",IFERROR(IF(D6="",0,VALUE(LEFT(D6,1)))+IF(E6="",0,VALUE(LEFT(E6,1)))+IF(F6="",0,VALUE(LEFT(F6,1)))+IF(G6="",0,VALUE(LEFT(G6,1))),0)) | I6: =IF(B6="","",IF(H6<=2,"🟢 VERDE",IF(H6<=5,"🟡 AMARILLO","🔴 ROJO")))
A7: =IF(B7<>"",ROW()-4,"") | H7: =IF(B7="","",IFERROR(IF(D7="",0,VALUE(LEFT(D7,1)))+IF(E7="",0,VALUE(LEFT(E7,1)))+IF(F7="",0,VALUE(LEFT(F7,1)))+IF(G7="",0,VALUE(LEFT(G7,1))),0)) | I7: =IF(B7="","",IF(H7<=2,"🟢 VERDE",IF(H7<=5,"🟡 AMARILLO","🔴 ROJO")))
A8: =IF(B8<>"",ROW()-4,"") | H8: =IF(B8="","",IFERROR(IF(D8="",0,VALUE(LEFT(D8,1)))+IF(E8="",0,VALUE(LEFT(E8,1)))+IF(F8="",0,VALUE(LEFT(F8,1)))+IF(G8="",0,VALUE(LEFT(G8,1))),0)) | I8: =IF(B8="","",IF(H8<=2,"🟢 VERDE",IF(H8<=5,"🟡 AMARILLO","🔴 ROJO")))
A9: =IF(B9<>"",ROW()-4,"") | H9: =IF(B9="","",IFERROR(IF(D9="",0,VALUE(LEFT(D9,1)))+IF(E9="",0,VALUE(LEFT(E9,1)))+IF(F9="",0,VALUE(LEFT(F9,1)))+IF(G9="",0,VALUE(LEFT(G9,1))),0)) | I9: =IF(B9="","",IF(H9<=2,"🟢 VERDE",IF(H9<=5,"🟡 AMARILLO","🔴 ROJO")))
A10: =IF(B10<>"",ROW()-4,"") | H10: =IF(B10="","",IFERROR(IF(D10="",0,VALUE(LEFT(D10,1)))+IF(E10="",0,VALUE(LEFT(E10,1)))+IF(F10="",0,VALUE(LEFT(F10,1)))+IF(G10="",0,VALUE(LEFT(G10,1))),0)) | I10: =IF(B10="","",IF(H10<=2,"🟢 VERDE",IF(H10<=5,"🟡 AMARILLO","🔴 ROJO")))
A11: =IF(B11<>"",ROW()-4,"") | H11: =IF(B11="","",IFERROR(IF(D11="",0,VALUE(LEFT(D11,1)))+IF(E11="",0,VALUE(LEFT(E11,1)))+IF(F11="",0,VALUE(LEFT(F11,1)))+IF(G11="",0,VALUE(LEFT(G11,1))),0)) | I11: =IF(B11="","",IF(H11<=2,"🟢 VERDE",IF(H11<=5,"🟡 AMARILLO","🔴 ROJO")))
A12: =IF(B12<>"",ROW()-4,"") | H12: =IF(B12="","",IFERROR(IF(D12="",0,VALUE(LEFT(D12,1)))+IF(E12="",0,VALUE(LEFT(E12,1)))+IF(F12="",0,VALUE(LEFT(F12,1)))+IF(G12="",0,VALUE(LEFT(G12,1))),0)) | I12: =IF(B12="","",IF(H12<=2,"🟢 VERDE",IF(H12<=5,"🟡 AMARILLO","🔴 ROJO")))
A13: =IF(B13<>"",ROW()-4,"") | H13: =IF(B13="","",IFERROR(IF(D13="",0,VALUE(LEFT(D13,1)))+IF(E13="",0,VALUE(LEFT(E13,1)))+IF(F13="",0,VALUE(LEFT(F13,1)))+IF(G13="",0,VALUE(LEFT(G13,1))),0)) | I13: =IF(B13="","",IF(H13<=2,"🟢 VERDE",IF(H13<=5,"🟡 AMARILLO","🔴 ROJO")))
A14: =IF(B14<>"",ROW()-4,"") | H14: =IF(B14="","",IFERROR(IF(D14="",0,VALUE(LEFT(D14,1)))+IF(E14="",0,VALUE(LEFT(E14,1)))+IF(F14="",0,VALUE(LEFT(F14,1)))+IF(G14="",0,VALUE(LEFT(G14,1))),0)) | I14: =IF(B14="","",IF(H14<=2,"🟢 VERDE",IF(H14<=5,"🟡 AMARILLO","🔴 ROJO")))
A15: =IF(B15<>"",ROW()-4,"") | H15: =IF(B15="","",IFERROR(IF(D15="",0,VALUE(LEFT(D15,1)))+IF(E15="",0,VALUE(LEFT(E15,1)))+IF(F15="",0,VALUE(LEFT(F15,1)))+IF(G15="",0,VALUE(LEFT(G15,1))),0)) | I15: =IF(B15="","",IF(H15<=2,"🟢 VERDE",IF(H15<=5,"🟡 AMARILLO","🔴 ROJO")))
A16: =IF(B16<>"",ROW()-4,"") | H16: =IF(B16="","",IFERROR(IF(D16="",0,VALUE(LEFT(D16,1)))+IF(E16="",0,VALUE(LEFT(E16,1)))+IF(F16="",0,VALUE(LEFT(F16,1)))+IF(G16="",0,VALUE(LEFT(G16,1))),0)) | I16: =IF(B16="","",IF(H16<=2,"🟢 VERDE",IF(H16<=5,"🟡 AMARILLO","🔴 ROJO")))
... A54: =IF(B54<>"",ROW()-4,"") | H54: =IF(B54="","",IFERROR(IF(D54="",0,VALUE(LEFT(D54,1)))+IF(E54="",0,VALUE(LEFT(E54,1)))+IF(F54="",0,VALUE(LEFT(F54,1)))+IF(G54="",0,VALUE(LEFT(G54,1))),0)) | I54: =IF(B54="","",IF(H54<=2,"🟢 VERDE",IF(H54<=5,"🟡 AMARILLO","🔴 ROJO")))
A55: TOTALES CURSO 2B | D55: =COUNTIF(D5:D54,"<>"&"") | E55: =COUNTIF(E5:E54,"<>"&"") | F55: =COUNTIF(F5:F54,"<>"&"") | G55: =COUNTIF(G5:G54,"<>"&"") | H55: =COUNTA(B5:B54) | I55: =COUNTIF(I5:I54,"🔴 ROJO")&" 🔴 "&COUNTIF(I5:I54,"🟡 AMARILLO")&" 🟡 "&COUNTIF(I5:I54,"🟢 VERDE")&" 🟢" | J55: ← Conteo: Rojo · Amarillo · Verde

Sheet 2C
A1: CURSO 2C — Registro de Seguimiento de Estudiantes
A2: PUNTAJES: 0 = Sin alerta / Regular 1 = Alerta leve 2 = Alerta moderada / Reiterada 3 = Alto riesgo │ SEMÁFORO: Verde 0-2 · Amarillo 3-5 · Rojo 6-12
D3: PUNTAJES POR ÁMBITO (seleccionar del menú desplegable) | H3: RESULTADO
A4: N° | B4: NOMBRE ESTUDIANTE | C4: MENTOR RESPONSABLE | D4: TRAYECTORIA EDUCATIVA | E4: ÁMBITO ACADÉMICO | F4: ÁMBITO CONDUCTUAL | G4: ÁMBITO SOCIOEMOCIONAL | H4: TOTAL | I4: SEMÁFORO | J4: OBSERVACIONES / NOTAS
A5: =IF(B5<>"",ROW()-4,"") | H5: =IF(B5="","",IFERROR(IF(D5="",0,VALUE(LEFT(D5,1)))+IF(E5="",0,VALUE(LEFT(E5,1)))+IF(F5="",0,VALUE(LEFT(F5,1)))+IF(G5="",0,VALUE(LEFT(G5,1))),0)) | I5: =IF(B5="","",IF(H5<=2,"🟢 VERDE",IF(H5<=5,"🟡 AMARILLO","🔴 ROJO")))
A6: =IF(B6<>"",ROW()-4,"") | H6: =IF(B6="","",IFERROR(IF(D6="",0,VALUE(LEFT(D6,1)))+IF(E6="",0,VALUE(LEFT(E6,1)))+IF(F6="",0,VALUE(LEFT(F6,1)))+IF(G6="",0,VALUE(LEFT(G6,1))),0)) | I6: =IF(B6="","",IF(H6<=2,"🟢 VERDE",IF(H6<=5,"🟡 AMARILLO","🔴 ROJO")))
A7: =IF(B7<>"",ROW()-4,"") | H7: =IF(B7="","",IFERROR(IF(D7="",0,VALUE(LEFT(D7,1)))+IF(E7="",0,VALUE(LEFT(E7,1)))+IF(F7="",0,VALUE(LEFT(F7,1)))+IF(G7="",0,VALUE(LEFT(G7,1))),0)) | I7: =IF(B7="","",IF(H7<=2,"🟢 VERDE",IF(H7<=5,"🟡 AMARILLO","🔴 ROJO")))
A8: =IF(B8<>"",ROW()-4,"") | H8: =IF(B8="","",IFERROR(IF(D8="",0,VALUE(LEFT(D8,1)))+IF(E8="",0,VALUE(LEFT(E8,1)))+IF(F8="",0,VALUE(LEFT(F8,1)))+IF(G8="",0,VALUE(LEFT(G8,1))),0)) | I8: =IF(B8="","",IF(H8<=2,"🟢 VERDE",IF(H8<=5,"🟡 AMARILLO","🔴 ROJO")))
A9: =IF(B9<>"",ROW()-4,"") | H9: =IF(B9="","",IFERROR(IF(D9="",0,VALUE(LEFT(D9,1)))+IF(E9="",0,VALUE(LEFT(E9,1)))+IF(F9="",0,VALUE(LEFT(F9,1)))+IF(G9="",0,VALUE(LEFT(G9,1))),0)) | I9: =IF(B9="","",IF(H9<=2,"🟢 VERDE",IF(H9<=5,"🟡 AMARILLO","🔴 ROJO")))
A10: =IF(B10<>"",ROW()-4,"") | H10: =IF(B10="","",IFERROR(IF(D10="",0,VALUE(LEFT(D10,1)))+IF(E10="",0,VALUE(LEFT(E10,1)))+IF(F10="",0,VALUE(LEFT(F10,1)))+IF(G10="",0,VALUE(LEFT(G10,1))),0)) | I10: =IF(B10="","",IF(H10<=2,"🟢 VERDE",IF(H10<=5,"🟡 AMARILLO","🔴 ROJO")))
A11: =IF(B11<>"",ROW()-4,"") | H11: =IF(B11="","",IFERROR(IF(D11="",0,VALUE(LEFT(D11,1)))+IF(E11="",0,VALUE(LEFT(E11,1)))+IF(F11="",0,VALUE(LEFT(F11,1)))+IF(G11="",0,VALUE(LEFT(G11,1))),0)) | I11: =IF(B11="","",IF(H11<=2,"🟢 VERDE",IF(H11<=5,"🟡 AMARILLO","🔴 ROJO")))
A12: =IF(B12<>"",ROW()-4,"") | H12: =IF(B12="","",IFERROR(IF(D12="",0,VALUE(LEFT(D12,1)))+IF(E12="",0,VALUE(LEFT(E12,1)))+IF(F12="",0,VALUE(LEFT(F12,1)))+IF(G12="",0,VALUE(LEFT(G12,1))),0)) | I12: =IF(B12="","",IF(H12<=2,"🟢 VERDE",IF(H12<=5,"🟡 AMARILLO","🔴 ROJO")))
A13: =IF(B13<>"",ROW()-4,"") | H13: =IF(B13="","",IFERROR(IF(D13="",0,VALUE(LEFT(D13,1)))+IF(E13="",0,VALUE(LEFT(E13,1)))+IF(F13="",0,VALUE(LEFT(F13,1)))+IF(G13="",0,VALUE(LEFT(G13,1))),0)) | I13: =IF(B13="","",IF(H13<=2,"🟢 VERDE",IF(H13<=5,"🟡 AMARILLO","🔴 ROJO")))
A14: =IF(B14<>"",ROW()-4,"") | H14: =IF(B14="","",IFERROR(IF(D14="",0,VALUE(LEFT(D14,1)))+IF(E14="",0,VALUE(LEFT(E14,1)))+IF(F14="",0,VALUE(LEFT(F14,1)))+IF(G14="",0,VALUE(LEFT(G14,1))),0)) | I14: =IF(B14="","",IF(H14<=2,"🟢 VERDE",IF(H14<=5,"🟡 AMARILLO","🔴 ROJO")))
A15: =IF(B15<>"",ROW()-4,"") | H15: =IF(B15="","",IFERROR(IF(D15="",0,VALUE(LEFT(D15,1)))+IF(E15="",0,VALUE(LEFT(E15,1)))+IF(F15="",0,VALUE(LEFT(F15,1)))+IF(G15="",0,VALUE(LEFT(G15,1))),0)) | I15: =IF(B15="","",IF(H15<=2,"🟢 VERDE",IF(H15<=5,"🟡 AMARILLO","🔴 ROJO")))
A16: =IF(B16<>"",ROW()-4,"") | H16: =IF(B16="","",IFERROR(IF(D16="",0,VALUE(LEFT(D16,1)))+IF(E16="",0,VALUE(LEFT(E16,1)))+IF(F16="",0,VALUE(LEFT(F16,1)))+IF(G16="",0,VALUE(LEFT(G16,1))),0)) | I16: =IF(B16="","",IF(H16<=2,"🟢 VERDE",IF(H16<=5,"🟡 AMARILLO","🔴 ROJO")))
... A54: =IF(B54<>"",ROW()-4,"") | H54: =IF(B54="","",IFERROR(IF(D54="",0,VALUE(LEFT(D54,1)))+IF(E54="",0,VALUE(LEFT(E54,1)))+IF(F54="",0,VALUE(LEFT(F54,1)))+IF(G54="",0,VALUE(LEFT(G54,1))),0)) | I54: =IF(B54="","",IF(H54<=2,"🟢 VERDE",IF(H54<=5,"🟡 AMARILLO","🔴 ROJO")))
A55: TOTALES CURSO 2C | D55: =COUNTIF(D5:D54,"<>"&"") | E55: =COUNTIF(E5:E54,"<>"&"") | F55: =COUNTIF(F5:F54,"<>"&"") | G55: =COUNTIF(G5:G54,"<>"&"") | H55: =COUNTA(B5:B54) | I55: =COUNTIF(I5:I54,"🔴 ROJO")&" 🔴 "&COUNTIF(I5:I54,"🟡 AMARILLO")&" 🟡 "&COUNTIF(I5:I54,"🟢 VERDE")&" 🟢" | J55: ← Conteo: Rojo · Amarillo · Verde

Sheet 3A
A1: CURSO 3A — Registro de Seguimiento de Estudiantes
A2: PUNTAJES: 0 = Sin alerta / Regular 1 = Alerta leve 2 = Alerta moderada / Reiterada 3 = Alto riesgo │ SEMÁFORO: Verde 0-2 · Amarillo 3-5 · Rojo 6-12
D3: PUNTAJES POR ÁMBITO (seleccionar del menú desplegable) | H3: RESULTADO
A4: N° | B4: NOMBRE ESTUDIANTE | C4: MENTOR RESPONSABLE | D4: TRAYECTORIA EDUCATIVA | E4: ÁMBITO ACADÉMICO | F4: ÁMBITO CONDUCTUAL | G4: ÁMBITO SOCIOEMOCIONAL | H4: TOTAL | I4: SEMÁFORO | J4: OBSERVACIONES / NOTAS
A5: =IF(B5<>"",ROW()-4,"") | H5: =IF(B5="","",IFERROR(IF(D5="",0,VALUE(LEFT(D5,1)))+IF(E5="",0,VALUE(LEFT(E5,1)))+IF(F5="",0,VALUE(LEFT(F5,1)))+IF(G5="",0,VALUE(LEFT(G5,1))),0)) | I5: =IF(B5="","",IF(H5<=2,"🟢 VERDE",IF(H5<=5,"🟡 AMARILLO","🔴 ROJO")))
A6: =IF(B6<>"",ROW()-4,"") | H6: =IF(B6="","",IFERROR(IF(D6="",0,VALUE(LEFT(D6,1)))+IF(E6="",0,VALUE(LEFT(E6,1)))+IF(F6="",0,VALUE(LEFT(F6,1)))+IF(G6="",0,VALUE(LEFT(G6,1))),0)) | I6: =IF(B6="","",IF(H6<=2,"🟢 VERDE",IF(H6<=5,"🟡 AMARILLO","🔴 ROJO")))
A7: =IF(B7<>"",ROW()-4,"") | H7: =IF(B7="","",IFERROR(IF(D7="",0,VALUE(LEFT(D7,1)))+IF(E7="",0,VALUE(LEFT(E7,1)))+IF(F7="",0,VALUE(LEFT(F7,1)))+IF(G7="",0,VALUE(LEFT(G7,1))),0)) | I7: =IF(B7="","",IF(H7<=2,"🟢 VERDE",IF(H7<=5,"🟡 AMARILLO","🔴 ROJO")))
A8: =IF(B8<>"",ROW()-4,"") | H8: =IF(B8="","",IFERROR(IF(D8="",0,VALUE(LEFT(D8,1)))+IF(E8="",0,VALUE(LEFT(E8,1)))+IF(F8="",0,VALUE(LEFT(F8,1)))+IF(G8="",0,VALUE(LEFT(G8,1))),0)) | I8: =IF(B8="","",IF(H8<=2,"🟢 VERDE",IF(H8<=5,"🟡 AMARILLO","🔴 ROJO")))
A9: =IF(B9<>"",ROW()-4,"") | H9: =IF(B9="","",IFERROR(IF(D9="",0,VALUE(LEFT(D9,1)))+IF(E9="",0,VALUE(LEFT(E9,1)))+IF(F9="",0,VALUE(LEFT(F9,1)))+IF(G9="",0,VALUE(LEFT(G9,1))),0)) | I9: =IF(B9="","",IF(H9<=2,"🟢 VERDE",IF(H9<=5,"🟡 AMARILLO","🔴 ROJO")))
A10: =IF(B10<>"",ROW()-4,"") | H10: =IF(B10="","",IFERROR(IF(D10="",0,VALUE(LEFT(D10,1)))+IF(E10="",0,VALUE(LEFT(E10,1)))+IF(F10="",0,VALUE(LEFT(F10,1)))+IF(G10="",0,VALUE(LEFT(G10,1))),0)) | I10: =IF(B10="","",IF(H10<=2,"🟢 VERDE",IF(H10<=5,"🟡 AMARILLO","🔴 ROJO")))
A11: =IF(B11<>"",ROW()-4,"") | H11: =IF(B11="","",IFERROR(IF(D11="",0,VALUE(LEFT(D11,1)))+IF(E11="",0,VALUE(LEFT(E11,1)))+IF(F11="",0,VALUE(LEFT(F11,1)))+IF(G11="",0,VALUE(LEFT(G11,1))),0)) | I11: =IF(B11="","",IF(H11<=2,"🟢 VERDE",IF(H11<=5,"🟡 AMARILLO","🔴 ROJO")))
A12: =IF(B12<>"",ROW()-4,"") | H12: =IF(B12="","",IFERROR(IF(D12="",0,VALUE(LEFT(D12,1)))+IF(E12="",0,VALUE(LEFT(E12,1)))+IF(F12="",0,VALUE(LEFT(F12,1)))+IF(G12="",0,VALUE(LEFT(G12,1))),0)) | I12: =IF(B12="","",IF(H12<=2,"🟢 VERDE",IF(H12<=5,"🟡 AMARILLO","🔴 ROJO")))
A13: =IF(B13<>"",ROW()-4,"") | H13: =IF(B13="","",IFERROR(IF(D13="",0,VALUE(LEFT(D13,1)))+IF(E13="",0,VALUE(LEFT(E13,1)))+IF(F13="",0,VALUE(LEFT(F13,1)))+IF(G13="",0,VALUE(LEFT(G13,1))),0)) | I13: =IF(B13="","",IF(H13<=2,"🟢 VERDE",IF(H13<=5,"🟡 AMARILLO","🔴 ROJO")))
A14: =IF(B14<>"",ROW()-4,"") | H14: =IF(B14="","",IFERROR(IF(D14="",0,VALUE(LEFT(D14,1)))+IF(E14="",0,VALUE(LEFT(E14,1)))+IF(F14="",0,VALUE(LEFT(F14,1)))+IF(G14="",0,VALUE(LEFT(G14,1))),0)) | I14: =IF(B14="","",IF(H14<=2,"🟢 VERDE",IF(H14<=5,"🟡 AMARILLO","🔴 ROJO")))
A15: =IF(B15<>"",ROW()-4,"") | H15: =IF(B15="","",IFERROR(IF(D15="",0,VALUE(LEFT(D15,1)))+IF(E15="",0,VALUE(LEFT(E15,1)))+IF(F15="",0,VALUE(LEFT(F15,1)))+IF(G15="",0,VALUE(LEFT(G15,1))),0)) | I15: =IF(B15="","",IF(H15<=2,"🟢 VERDE",IF(H15<=5,"🟡 AMARILLO","🔴 ROJO")))
A16: =IF(B16<>"",ROW()-4,"") | H16: =IF(B16="","",IFERROR(IF(D16="",0,VALUE(LEFT(D16,1)))+IF(E16="",0,VALUE(LEFT(E16,1)))+IF(F16="",0,VALUE(LEFT(F16,1)))+IF(G16="",0,VALUE(LEFT(G16,1))),0)) | I16: =IF(B16="","",IF(H16<=2,"🟢 VERDE",IF(H16<=5,"🟡 AMARILLO","🔴 ROJO")))
... A54: =IF(B54<>"",ROW()-4,"") | H54: =IF(B54="","",IFERROR(IF(D54="",0,VALUE(LEFT(D54,1)))+IF(E54="",0,VALUE(LEFT(E54,1)))+IF(F54="",0,VALUE(LEFT(F54,1)))+IF(G54="",0,VALUE(LEFT(G54,1))),0)) | I54: =IF(B54="","",IF(H54<=2,"🟢 VERDE",IF(H54<=5,"🟡 AMARILLO","🔴 ROJO")))
A55: TOTALES CURSO 3A | D55: =COUNTIF(D5:D54,"<>"&"") | E55: =COUNTIF(E5:E54,"<>"&"") | F55: =COUNTIF(F5:F54,"<>"&"") | G55: =COUNTIF(G5:G54,"<>"&"") | H55: =COUNTA(B5:B54) | I55: =COUNTIF(I5:I54,"🔴 ROJO")&" 🔴 "&COUNTIF(I5:I54,"🟡 AMARILLO")&" 🟡 "&COUNTIF(I5:I54,"🟢 VERDE")&" 🟢" | J55: ← Conteo: Rojo · Amarillo · Verde

Sheet 3B
A1: CURSO 3B — Registro de Seguimiento de Estudiantes
A2: PUNTAJES: 0 = Sin alerta / Regular 1 = Alerta leve 2 = Alerta moderada / Reiterada 3 = Alto riesgo │ SEMÁFORO: Verde 0-2 · Amarillo 3-5 · Rojo 6-12
D3: PUNTAJES POR ÁMBITO (seleccionar del menú desplegable) | H3: RESULTADO
A4: N° | B4: NOMBRE ESTUDIANTE | C4: MENTOR RESPONSABLE | D4: TRAYECTORIA EDUCATIVA | E4: ÁMBITO ACADÉMICO | F4: ÁMBITO CONDUCTUAL | G4: ÁMBITO SOCIOEMOCIONAL | H4: TOTAL | I4: SEMÁFORO | J4: OBSERVACIONES / NOTAS
A5: =IF(B5<>"",ROW()-4,"") | H5: =IF(B5="","",IFERROR(IF(D5="",0,VALUE(LEFT(D5,1)))+IF(E5="",0,VALUE(LEFT(E5,1)))+IF(F5="",0,VALUE(LEFT(F5,1)))+IF(G5="",0,VALUE(LEFT(G5,1))),0)) | I5: =IF(B5="","",IF(H5<=2,"🟢 VERDE",IF(H5<=5,"🟡 AMARILLO","🔴 ROJO")))
A6: =IF(B6<>"",ROW()-4,"") | H6: =IF(B6="","",IFERROR(IF(D6="",0,VALUE(LEFT(D6,1)))+IF(E6="",0,VALUE(LEFT(E6,1)))+IF(F6="",0,VALUE(LEFT(F6,1)))+IF(G6="",0,VALUE(LEFT(G6,1))),0)) | I6: =IF(B6="","",IF(H6<=2,"🟢 VERDE",IF(H6<=5,"🟡 AMARILLO","🔴 ROJO")))
A7: =IF(B7<>"",ROW()-4,"") | H7: =IF(B7="","",IFERROR(IF(D7="",0,VALUE(LEFT(D7,1)))+IF(E7="",0,VALUE(LEFT(E7,1)))+IF(F7="",0,VALUE(LEFT(F7,1)))+IF(G7="",0,VALUE(LEFT(G7,1))),0)) | I7: =IF(B7="","",IF(H7<=2,"🟢 VERDE",IF(H7<=5,"🟡 AMARILLO","🔴 ROJO")))
A8: =IF(B8<>"",ROW()-4,"") | H8: =IF(B8="","",IFERROR(IF(D8="",0,VALUE(LEFT(D8,1)))+IF(E8="",0,VALUE(LEFT(E8,1)))+IF(F8="",0,VALUE(LEFT(F8,1)))+IF(G8="",0,VALUE(LEFT(G8,1))),0)) | I8: =IF(B8="","",IF(H8<=2,"🟢 VERDE",IF(H8<=5,"🟡 AMARILLO","🔴 ROJO")))
A9: =IF(B9<>"",ROW()-4,"") | H9: =IF(B9="","",IFERROR(IF(D9="",0,VALUE(LEFT(D9,1)))+IF(E9="",0,VALUE(LEFT(E9,1)))+IF(F9="",0,VALUE(LEFT(F9,1)))+IF(G9="",0,VALUE(LEFT(G9,1))),0)) | I9: =IF(B9="","",IF(H9<=2,"🟢 VERDE",IF(H9<=5,"🟡 AMARILLO","🔴 ROJO")))
A10: =IF(B10<>"",ROW()-4,"") | H10: =IF(B10="","",IFERROR(IF(D10="",0,VALUE(LEFT(D10,1)))+IF(E10="",0,VALUE(LEFT(E10,1)))+IF(F10="",0,VALUE(LEFT(F10,1)))+IF(G10="",0,VALUE(LEFT(G10,1))),0)) | I10: =IF(B10="","",IF(H10<=2,"🟢 VERDE",IF(H10<=5,"🟡 AMARILLO","🔴 ROJO")))
A11: =IF(B11<>"",ROW()-4,"") | H11: =IF(B11="","",IFERROR(IF(D11="",0,VALUE(LEFT(D11,1)))+IF(E11="",0,VALUE(LEFT(E11,1)))+IF(F11="",0,VALUE(LEFT(F11,1)))+IF(G11="",0,VALUE(LEFT(G11,1))),0)) | I11: =IF(B11="","",IF(H11<=2,"🟢 VERDE",IF(H11<=5,"🟡 AMARILLO","🔴 ROJO")))
A12: =IF(B12<>"",ROW()-4,"") | H12: =IF(B12="","",IFERROR(IF(D12="",0,VALUE(LEFT(D12,1)))+IF(E12="",0,VALUE(LEFT(E12,1)))+IF(F12="",0,VALUE(LEFT(F12,1)))+IF(G12="",0,VALUE(LEFT(G12,1))),0)) | I12: =IF(B12="","",IF(H12<=2,"🟢 VERDE",IF(H12<=5,"🟡 AMARILLO","🔴 ROJO")))
A13: =IF(B13<>"",ROW()-4,"") | H13: =IF(B13="","",IFERROR(IF(D13="",0,VALUE(LEFT(D13,1)))+IF(E13="",0,VALUE(LEFT(E13,1)))+IF(F13="",0,VALUE(LEFT(F13,1)))+IF(G13="",0,VALUE(LEFT(G13,1))),0)) | I13: =IF(B13="","",IF(H13<=2,"🟢 VERDE",IF(H13<=5,"🟡 AMARILLO","🔴 ROJO")))
A14: =IF(B14<>"",ROW()-4,"") | H14: =IF(B14="","",IFERROR(IF(D14="",0,VALUE(LEFT(D14,1)))+IF(E14="",0,VALUE(LEFT(E14,1)))+IF(F14="",0,VALUE(LEFT(F14,1)))+IF(G14="",0,VALUE(LEFT(G14,1))),0)) | I14: =IF(B14="","",IF(H14<=2,"🟢 VERDE",IF(H14<=5,"🟡 AMARILLO","🔴 ROJO")))
A15: =IF(B15<>"",ROW()-4,"") | H15: =IF(B15="","",IFERROR(IF(D15="",0,VALUE(LEFT(D15,1)))+IF(E15="",0,VALUE(LEFT(E15,1)))+IF(F15="",0,VALUE(LEFT(F15,1)))+IF(G15="",0,VALUE(LEFT(G15,1))),0)) | I15: =IF(B15="","",IF(H15<=2,"🟢 VERDE",IF(H15<=5,"🟡 AMARILLO","🔴 ROJO")))
A16: =IF(B16<>"",ROW()-4,"") | H16: =IF(B16="","",IFERROR(IF(D16="",0,VALUE(LEFT(D16,1)))+IF(E16="",0,VALUE(LEFT(E16,1)))+IF(F16="",0,VALUE(LEFT(F16,1)))+IF(G16="",0,VALUE(LEFT(G16,1))),0)) | I16: =IF(B16="","",IF(H16<=2,"🟢 VERDE",IF(H16<=5,"🟡 AMARILLO","🔴 ROJO")))
... A54: =IF(B54<>"",ROW()-4,"") | H54: =IF(B54="","",IFERROR(IF(D54="",0,VALUE(LEFT(D54,1)))+IF(E54="",0,VALUE(LEFT(E54,1)))+IF(F54="",0,VALUE(LEFT(F54,1)))+IF(G54="",0,VALUE(LEFT(G54,1))),0)) | I54: =IF(B54="","",IF(H54<=2,"🟢 VERDE",IF(H54<=5,"🟡 AMARILLO","🔴 ROJO")))
A55: TOTALES CURSO 3B | D55: =COUNTIF(D5:D54,"<>"&"") | E55: =COUNTIF(E5:E54,"<>"&"") | F55: =COUNTIF(F5:F54,"<>"&"") | G55: =COUNTIF(G5:G54,"<>"&"") | H55: =COUNTA(B5:B54) | I55: =COUNTIF(I5:I54,"🔴 ROJO")&" 🔴 "&COUNTIF(I5:I54,"🟡 AMARILLO")&" 🟡 "&COUNTIF(I5:I54,"🟢 VERDE")&" 🟢" | J55: ← Conteo: Rojo · Amarillo · Verde

Sheet 3C
A1: CURSO 3C — Registro de Seguimiento de Estudiantes
A2: PUNTAJES: 0 = Sin alerta / Regular 1 = Alerta leve 2 = Alerta moderada / Reiterada 3 = Alto riesgo │ SEMÁFORO: Verde 0-2 · Amarillo 3-5 · Rojo 6-12
D3: PUNTAJES POR ÁMBITO (seleccionar del menú desplegable) | H3: RESULTADO
A4: N° | B4: NOMBRE ESTUDIANTE | C4: MENTOR RESPONSABLE | D4: TRAYECTORIA EDUCATIVA | E4: ÁMBITO ACADÉMICO | F4: ÁMBITO CONDUCTUAL | G4: ÁMBITO SOCIOEMOCIONAL | H4: TOTAL | I4: SEMÁFORO | J4: OBSERVACIONES / NOTAS
A5: =IF(B5<>"",ROW()-4,"") | H5: =IF(B5="","",IFERROR(IF(D5="",0,VALUE(LEFT(D5,1)))+IF(E5="",0,VALUE(LEFT(E5,1)))+IF(F5="",0,VALUE(LEFT(F5,1)))+IF(G5="",0,VALUE(LEFT(G5,1))),0)) | I5: =IF(B5="","",IF(H5<=2,"🟢 VERDE",IF(H5<=5,"🟡 AMARILLO","🔴 ROJO")))
A6: =IF(B6<>"",ROW()-4,"") | H6: =IF(B6="","",IFERROR(IF(D6="",0,VALUE(LEFT(D6,1)))+IF(E6="",0,VALUE(LEFT(E6,1)))+IF(F6="",0,VALUE(LEFT(F6,1)))+IF(G6="",0,VALUE(LEFT(G6,1))),0)) | I6: =IF(B6="","",IF(H6<=2,"🟢 VERDE",IF(H6<=5,"🟡 AMARILLO","🔴 ROJO")))
A7: =IF(B7<>"",ROW()-4,"") | H7: =IF(B7="","",IFERROR(IF(D7="",0,VALUE(LEFT(D7,1)))+IF(E7="",0,VALUE(LEFT(E7,1)))+IF(F7="",0,VALUE(LEFT(F7,1)))+IF(G7="",0,VALUE(LEFT(G7,1))),0)) | I7: =IF(B7="","",IF(H7<=2,"🟢 VERDE",IF(H7<=5,"🟡 AMARILLO","🔴 ROJO")))
A8: =IF(B8<>"",ROW()-4,"") | H8: =IF(B8="","",IFERROR(IF(D8="",0,VALUE(LEFT(D8,1)))+IF(E8="",0,VALUE(LEFT(E8,1)))+IF(F8="",0,VALUE(LEFT(F8,1)))+IF(G8="",0,VALUE(LEFT(G8,1))),0)) | I8: =IF(B8="","",IF(H8<=2,"🟢 VERDE",IF(H8<=5,"🟡 AMARILLO","🔴 ROJO")))
A9: =IF(B9<>"",ROW()-4,"") | H9: =IF(B9="","",IFERROR(IF(D9="",0,VALUE(LEFT(D9,1)))+IF(E9="",0,VALUE(LEFT(E9,1)))+IF(F9="",0,VALUE(LEFT(F9,1)))+IF(G9="",0,VALUE(LEFT(G9,1))),0)) | I9: =IF(B9="","",IF(H9<=2,"🟢 VERDE",IF(H9<=5,"🟡 AMARILLO","🔴 ROJO")))
A10: =IF(B10<>"",ROW()-4,"") | H10: =IF(B10="","",IFERROR(IF(D10="",0,VALUE(LEFT(D10,1)))+IF(E10="",0,VALUE(LEFT(E10,1)))+IF(F10="",0,VALUE(LEFT(F10,1)))+IF(G10="",0,VALUE(LEFT(G10,1))),0)) | I10: =IF(B10="","",IF(H10<=2,"🟢 VERDE",IF(H10<=5,"🟡 AMARILLO","🔴 ROJO")))
A11: =IF(B11<>"",ROW()-4,"") | H11: =IF(B11="","",IFERROR(IF(D11="",0,VALUE(LEFT(D11,1)))+IF(E11="",0,VALUE(LEFT(E11,1)))+IF(F11="",0,VALUE(LEFT(F11,1)))+IF(G11="",0,VALUE(LEFT(G11,1))),0)) | I11: =IF(B11="","",IF(H11<=2,"🟢 VERDE",IF(H11<=5,"🟡 AMARILLO","🔴 ROJO")))
A12: =IF(B12<>"",ROW()-4,"") | H12: =IF(B12="","",IFERROR(IF(D12="",0,VALUE(LEFT(D12,1)))+IF(E12="",0,VALUE(LEFT(E12,1)))+IF(F12="",0,VALUE(LEFT(F12,1)))+IF(G12="",0,VALUE(LEFT(G12,1))),0)) | I12: =IF(B12="","",IF(H12<=2,"🟢 VERDE",IF(H12<=5,"🟡 AMARILLO","🔴 ROJO")))
A13: =IF(B13<>"",ROW()-4,"") | H13: =IF(B13="","",IFERROR(IF(D13="",0,VALUE(LEFT(D13,1)))+IF(E13="",0,VALUE(LEFT(E13,1)))+IF(F13="",0,VALUE(LEFT(F13,1)))+IF(G13="",0,VALUE(LEFT(G13,1))),0)) | I13: =IF(B13="","",IF(H13<=2,"🟢 VERDE",IF(H13<=5,"🟡 AMARILLO","🔴 ROJO")))
A14: =IF(B14<>"",ROW()-4,"") | H14: =IF(B14="","",IFERROR(IF(D14="",0,VALUE(LEFT(D14,1)))+IF(E14="",0,VALUE(LEFT(E14,1)))+IF(F14="",0,VALUE(LEFT(F14,1)))+IF(G14="",0,VALUE(LEFT(G14,1))),0)) | I14: =IF(B14="","",IF(H14<=2,"🟢 VERDE",IF(H14<=5,"🟡 AMARILLO","🔴 ROJO")))
A15: =IF(B15<>"",ROW()-4,"") | H15: =IF(B15="","",IFERROR(IF(D15="",0,VALUE(LEFT(D15,1)))+IF(E15="",0,VALUE(LEFT(E15,1)))+IF(F15="",0,VALUE(LEFT(F15,1)))+IF(G15="",0,VALUE(LEFT(G15,1))),0)) | I15: =IF(B15="","",IF(H15<=2,"🟢 VERDE",IF(H15<=5,"🟡 AMARILLO","🔴 ROJO")))
A16: =IF(B16<>"",ROW()-4,"") | H16: =IF(B16="","",IFERROR(IF(D16="",0,VALUE(LEFT(D16,1)))+IF(E16="",0,VALUE(LEFT(E16,1)))+IF(F16="",0,VALUE(LEFT(F16,1)))+IF(G16="",0,VALUE(LEFT(G16,1))),0)) | I16: =IF(B16="","",IF(H16<=2,"🟢 VERDE",IF(H16<=5,"🟡 AMARILLO","🔴 ROJO")))
... A54: =IF(B54<>"",ROW()-4,"") | H54: =IF(B54="","",IFERROR(IF(D54="",0,VALUE(LEFT(D54,1)))+IF(E54="",0,VALUE(LEFT(E54,1)))+IF(F54="",0,VALUE(LEFT(F54,1)))+IF(G54="",0,VALUE(LEFT(G54,1))),0)) | I54: =IF(B54="","",IF(H54<=2,"🟢 VERDE",IF(H54<=5,"🟡 AMARILLO","🔴 ROJO")))
A55: TOTALES CURSO 3C | D55: =COUNTIF(D5:D54,"<>"&"") | E55: =COUNTIF(E5:E54,"<>"&"") | F55: =COUNTIF(F5:F54,"<>"&"") | G55: =COUNTIF(G5:G54,"<>"&"") | H55: =COUNTA(B5:B54) | I55: =COUNTIF(I5:I54,"🔴 ROJO")&" 🔴 "&COUNTIF(I5:I54,"🟡 AMARILLO")&" 🟡 "&COUNTIF(I5:I54,"🟢 VERDE")&" 🟢" | J55: ← Conteo: Rojo · Amarillo · Verde

Sheet 4A
A1: CURSO 4A — Registro de Seguimiento de Estudiantes
A2: PUNTAJES: 0 = Sin alerta / Regular 1 = Alerta leve 2 = Alerta moderada / Reiterada 3 = Alto riesgo │ SEMÁFORO: Verde 0-2 · Amarillo 3-5 · Rojo 6-12
D3: PUNTAJES POR ÁMBITO (seleccionar del menú desplegable) | H3: RESULTADO
A4: N° | B4: NOMBRE ESTUDIANTE | C4: MENTOR RESPONSABLE | D4: TRAYECTORIA EDUCATIVA | E4: ÁMBITO ACADÉMICO | F4: ÁMBITO CONDUCTUAL | G4: ÁMBITO SOCIOEMOCIONAL | H4: TOTAL | I4: SEMÁFORO | J4: OBSERVACIONES / NOTAS
A5: =IF(B5<>"",ROW()-4,"") | H5: =IF(B5="","",IFERROR(IF(D5="",0,VALUE(LEFT(D5,1)))+IF(E5="",0,VALUE(LEFT(E5,1)))+IF(F5="",0,VALUE(LEFT(F5,1)))+IF(G5="",0,VALUE(LEFT(G5,1))),0)) | I5: =IF(B5="","",IF(H5<=2,"🟢 VERDE",IF(H5<=5,"🟡 AMARILLO","🔴 ROJO")))
A6: =IF(B6<>"",ROW()-4,"") | H6: =IF(B6="","",IFERROR(IF(D6="",0,VALUE(LEFT(D6,1)))+IF(E6="",0,VALUE(LEFT(E6,1)))+IF(F6="",0,VALUE(LEFT(F6,1)))+IF(G6="",0,VALUE(LEFT(G6,1))),0)) | I6: =IF(B6="","",IF(H6<=2,"🟢 VERDE",IF(H6<=5,"🟡 AMARILLO","🔴 ROJO")))
A7: =IF(B7<>"",ROW()-4,"") | H7: =IF(B7="","",IFERROR(IF(D7="",0,VALUE(LEFT(D7,1)))+IF(E7="",0,VALUE(LEFT(E7,1)))+IF(F7="",0,VALUE(LEFT(F7,1)))+IF(G7="",0,VALUE(LEFT(G7,1))),0)) | I7: =IF(B7="","",IF(H7<=2,"🟢 VERDE",IF(H7<=5,"🟡 AMARILLO","🔴 ROJO")))
A8: =IF(B8<>"",ROW()-4,"") | H8: =IF(B8="","",IFERROR(IF(D8="",0,VALUE(LEFT(D8,1)))+IF(E8="",0,VALUE(LEFT(E8,1)))+IF(F8="",0,VALUE(LEFT(F8,1)))+IF(G8="",0,VALUE(LEFT(G8,1))),0)) | I8: =IF(B8="","",IF(H8<=2,"🟢 VERDE",IF(H8<=5,"🟡 AMARILLO","🔴 ROJO")))
A9: =IF(B9<>"",ROW()-4,"") | H9: =IF(B9="","",IFERROR(IF(D9="",0,VALUE(LEFT(D9,1)))+IF(E9="",0,VALUE(LEFT(E9,1)))+IF(F9="",0,VALUE(LEFT(F9,1)))+IF(G9="",0,VALUE(LEFT(G9,1))),0)) | I9: =IF(B9="","",IF(H9<=2,"🟢 VERDE",IF(H9<=5,"🟡 AMARILLO","🔴 ROJO")))
A10: =IF(B10<>"",ROW()-4,"") | H10: =IF(B10="","",IFERROR(IF(D10="",0,VALUE(LEFT(D10,1)))+IF(E10="",0,VALUE(LEFT(E10,1)))+IF(F10="",0,VALUE(LEFT(F10,1)))+IF(G10="",0,VALUE(LEFT(G10,1))),0)) | I10: =IF(B10="","",IF(H10<=2,"🟢 VERDE",IF(H10<=5,"🟡 AMARILLO","🔴 ROJO")))
A11: =IF(B11<>"",ROW()-4,"") | H11: =IF(B11="","",IFERROR(IF(D11="",0,VALUE(LEFT(D11,1)))+IF(E11="",0,VALUE(LEFT(E11,1)))+IF(F11="",0,VALUE(LEFT(F11,1)))+IF(G11="",0,VALUE(LEFT(G11,1))),0)) | I11: =IF(B11="","",IF(H11<=2,"🟢 VERDE",IF(H11<=5,"🟡 AMARILLO","🔴 ROJO")))
A12: =IF(B12<>"",ROW()-4,"") | H12: =IF(B12="","",IFERROR(IF(D12="",0,VALUE(LEFT(D12,1)))+IF(E12="",0,VALUE(LEFT(E12,1)))+IF(F12="",0,VALUE(LEFT(F12,1)))+IF(G12="",0,VALUE(LEFT(G12,1))),0)) | I12: =IF(B12="","",IF(H12<=2,"🟢 VERDE",IF(H12<=5,"🟡 AMARILLO","🔴 ROJO")))
A13: =IF(B13<>"",ROW()-4,"") | H13: =IF(B13="","",IFERROR(IF(D13="",0,VALUE(LEFT(D13,1)))+IF(E13="",0,VALUE(LEFT(E13,1)))+IF(F13="",0,VALUE(LEFT(F13,1)))+IF(G13="",0,VALUE(LEFT(G13,1))),0)) | I13: =IF(B13="","",IF(H13<=2,"🟢 VERDE",IF(H13<=5,"🟡 AMARILLO","🔴 ROJO")))
A14: =IF(B14<>"",ROW()-4,"") | H14: =IF(B14="","",IFERROR(IF(D14="",0,VALUE(LEFT(D14,1)))+IF(E14="",0,VALUE(LEFT(E14,1)))+IF(F14="",0,VALUE(LEFT(F14,1)))+IF(G14="",0,VALUE(LEFT(G14,1))),0)) | I14: =IF(B14="","",IF(H14<=2,"🟢 VERDE",IF(H14<=5,"🟡 AMARILLO","🔴 ROJO")))
A15: =IF(B15<>"",ROW()-4,"") | H15: =IF(B15="","",IFERROR(IF(D15="",0,VALUE(LEFT(D15,1)))+IF(E15="",0,VALUE(LEFT(E15,1)))+IF(F15="",0,VALUE(LEFT(F15,1)))+IF(G15="",0,VALUE(LEFT(G15,1))),0)) | I15: =IF(B15="","",IF(H15<=2,"🟢 VERDE",IF(H15<=5,"🟡 AMARILLO","🔴 ROJO")))
A16: =IF(B16<>"",ROW()-4,"") | H16: =IF(B16="","",IFERROR(IF(D16="",0,VALUE(LEFT(D16,1)))+IF(E16="",0,VALUE(LEFT(E16,1)))+IF(F16="",0,VALUE(LEFT(F16,1)))+IF(G16="",0,VALUE(LEFT(G16,1))),0)) | I16: =IF(B16="","",IF(H16<=2,"🟢 VERDE",IF(H16<=5,"🟡 AMARILLO","🔴 ROJO")))
... A54: =IF(B54<>"",ROW()-4,"") | H54: =IF(B54="","",IFERROR(IF(D54="",0,VALUE(LEFT(D54,1)))+IF(E54="",0,VALUE(LEFT(E54,1)))+IF(F54="",0,VALUE(LEFT(F54,1)))+IF(G54="",0,VALUE(LEFT(G54,1))),0)) | I54: =IF(B54="","",IF(H54<=2,"🟢 VERDE",IF(H54<=5,"🟡 AMARILLO","🔴 ROJO")))
A55: TOTALES CURSO 4A | D55: =COUNTIF(D5:D54,"<>"&"") | E55: =COUNTIF(E5:E54,"<>"&"") | F55: =COUNTIF(F5:F54,"<>"&"") | G55: =COUNTIF(G5:G54,"<>"&"") | H55: =COUNTA(B5:B54) | I55: =COUNTIF(I5:I54,"🔴 ROJO")&" 🔴 "&COUNTIF(I5:I54,"🟡 AMARILLO")&" 🟡 "&COUNTIF(I5:I54,"🟢 VERDE")&" 🟢" | J55: ← Conteo: Rojo · Amarillo · Verde

Sheet 4B
A1: CURSO 4B — Registro de Seguimiento de Estudiantes
A2: PUNTAJES: 0 = Sin alerta / Regular 1 = Alerta leve 2 = Alerta moderada / Reiterada 3 = Alto riesgo │ SEMÁFORO: Verde 0-2 · Amarillo 3-5 · Rojo 6-12
D3: PUNTAJES POR ÁMBITO (seleccionar del menú desplegable) | H3: RESULTADO
A4: N° | B4: NOMBRE ESTUDIANTE | C4: MENTOR RESPONSABLE | D4: TRAYECTORIA EDUCATIVA | E4: ÁMBITO ACADÉMICO | F4: ÁMBITO CONDUCTUAL | G4: ÁMBITO SOCIOEMOCIONAL | H4: TOTAL | I4: SEMÁFORO | J4: OBSERVACIONES / NOTAS
A5: =IF(B5<>"",ROW()-4,"") | H5: =IF(B5="","",IFERROR(IF(D5="",0,VALUE(LEFT(D5,1)))+IF(E5="",0,VALUE(LEFT(E5,1)))+IF(F5="",0,VALUE(LEFT(F5,1)))+IF(G5="",0,VALUE(LEFT(G5,1))),0)) | I5: =IF(B5="","",IF(H5<=2,"🟢 VERDE",IF(H5<=5,"🟡 AMARILLO","🔴 ROJO")))
A6: =IF(B6<>"",ROW()-4,"") | H6: =IF(B6="","",IFERROR(IF(D6="",0,VALUE(LEFT(D6,1)))+IF(E6="",0,VALUE(LEFT(E6,1)))+IF(F6="",0,VALUE(LEFT(F6,1)))+IF(G6="",0,VALUE(LEFT(G6,1))),0)) | I6: =IF(B6="","",IF(H6<=2,"🟢 VERDE",IF(H6<=5,"🟡 AMARILLO","🔴 ROJO")))
A7: =IF(B7<>"",ROW()-4,"") | H7: =IF(B7="","",IFERROR(IF(D7="",0,VALUE(LEFT(D7,1)))+IF(E7="",0,VALUE(LEFT(E7,1)))+IF(F7="",0,VALUE(LEFT(F7,1)))+IF(G7="",0,VALUE(LEFT(G7,1))),0)) | I7: =IF(B7="","",IF(H7<=2,"🟢 VERDE",IF(H7<=5,"🟡 AMARILLO","🔴 ROJO")))
A8: =IF(B8<>"",ROW()-4,"") | H8: =IF(B8="","",IFERROR(IF(D8="",0,VALUE(LEFT(D8,1)))+IF(E8="",0,VALUE(LEFT(E8,1)))+IF(F8="",0,VALUE(LEFT(F8,1)))+IF(G8="",0,VALUE(LEFT(G8,1))),0)) | I8: =IF(B8="","",IF(H8<=2,"🟢 VERDE",IF(H8<=5,"🟡 AMARILLO","🔴 ROJO")))
A9: =IF(B9<>"",ROW()-4,"") | H9: =IF(B9="","",IFERROR(IF(D9="",0,VALUE(LEFT(D9,1)))+IF(E9="",0,VALUE(LEFT(E9,1)))+IF(F9="",0,VALUE(LEFT(F9,1)))+IF(G9="",0,VALUE(LEFT(G9,1))),0)) | I9: =IF(B9="","",IF(H9<=2,"🟢 VERDE",IF(H9<=5,"🟡 AMARILLO","🔴 ROJO")))
A10: =IF(B10<>"",ROW()-4,"") | H10: =IF(B10="","",IFERROR(IF(D10="",0,VALUE(LEFT(D10,1)))+IF(E10="",0,VALUE(LEFT(E10,1)))+IF(F10="",0,VALUE(LEFT(F10,1)))+IF(G10="",0,VALUE(LEFT(G10,1))),0)) | I10: =IF(B10="","",IF(H10<=2,"🟢 VERDE",IF(H10<=5,"🟡 AMARILLO","🔴 ROJO")))
A11: =IF(B11<>"",ROW()-4,"") | H11: =IF(B11="","",IFERROR(IF(D11="",0,VALUE(LEFT(D11,1)))+IF(E11="",0,VALUE(LEFT(E11,1)))+IF(F11="",0,VALUE(LEFT(F11,1)))+IF(G11="",0,VALUE(LEFT(G11,1))),0)) | I11: =IF(B11="","",IF(H11<=2,"🟢 VERDE",IF(H11<=5,"🟡 AMARILLO","🔴 ROJO")))
A12: =IF(B12<>"",ROW()-4,"") | H12: =IF(B12="","",IFERROR(IF(D12="",0,VALUE(LEFT(D12,1)))+IF(E12="",0,VALUE(LEFT(E12,1)))+IF(F12="",0,VALUE(LEFT(F12,1)))+IF(G12="",0,VALUE(LEFT(G12,1))),0)) | I12: =IF(B12="","",IF(H12<=2,"🟢 VERDE",IF(H12<=5,"🟡 AMARILLO","🔴 ROJO")))
A13: =IF(B13<>"",ROW()-4,"") | H13: =IF(B13="","",IFERROR(IF(D13="",0,VALUE(LEFT(D13,1)))+IF(E13="",0,VALUE(LEFT(E13,1)))+IF(F13="",0,VALUE(LEFT(F13,1)))+IF(G13="",0,VALUE(LEFT(G13,1))),0)) | I13: =IF(B13="","",IF(H13<=2,"🟢 VERDE",IF(H13<=5,"🟡 AMARILLO","🔴 ROJO")))
A14: =IF(B14<>"",ROW()-4,"") | H14: =IF(B14="","",IFERROR(IF(D14="",0,VALUE(LEFT(D14,1)))+IF(E14="",0,VALUE(LEFT(E14,1)))+IF(F14="",0,VALUE(LEFT(F14,1)))+IF(G14="",0,VALUE(LEFT(G14,1))),0)) | I14: =IF(B14="","",IF(H14<=2,"🟢 VERDE",IF(H14<=5,"🟡 AMARILLO","🔴 ROJO")))
A15: =IF(B15<>"",ROW()-4,"") | H15: =IF(B15="","",IFERROR(IF(D15="",0,VALUE(LEFT(D15,1)))+IF(E15="",0,VALUE(LEFT(E15,1)))+IF(F15="",0,VALUE(LEFT(F15,1)))+IF(G15="",0,VALUE(LEFT(G15,1))),0)) | I15: =IF(B15="","",IF(H15<=2,"🟢 VERDE",IF(H15<=5,"🟡 AMARILLO","🔴 ROJO")))
A16: =IF(B16<>"",ROW()-4,"") | H16: =IF(B16="","",IFERROR(IF(D16="",0,VALUE(LEFT(D16,1)))+IF(E16="",0,VALUE(LEFT(E16,1)))+IF(F16="",0,VALUE(LEFT(F16,1)))+IF(G16="",0,VALUE(LEFT(G16,1))),0)) | I16: =IF(B16="","",IF(H16<=2,"🟢 VERDE",IF(H16<=5,"🟡 AMARILLO","🔴 ROJO")))
... A54: =IF(B54<>"",ROW()-4,"") | H54: =IF(B54="","",IFERROR(IF(D54="",0,VALUE(LEFT(D54,1)))+IF(E54="",0,VALUE(LEFT(E54,1)))+IF(F54="",0,VALUE(LEFT(F54,1)))+IF(G54="",0,VALUE(LEFT(G54,1))),0)) | I54: =IF(B54="","",IF(H54<=2,"🟢 VERDE",IF(H54<=5,"🟡 AMARILLO","🔴 ROJO")))
A55: TOTALES CURSO 4B | D55: =COUNTIF(D5:D54,"<>"&"") | E55: =COUNTIF(E5:E54,"<>"&"") | F55: =COUNTIF(F5:F54,"<>"&"") | G55: =COUNTIF(G5:G54,"<>"&"") | H55: =COUNTA(B5:B54) | I55: =COUNTIF(I5:I54,"🔴 ROJO")&" 🔴 "&COUNTIF(I5:I54,"🟡 AMARILLO")&" 🟡 "&COUNTIF(I5:I54,"🟢 VERDE")&" 🟢" | J55: ← Conteo: Rojo · Amarillo · Verde

Sheet 4C
A1: CURSO 4C — Registro de Seguimiento de Estudiantes
A2: PUNTAJES: 0 = Sin alerta / Regular 1 = Alerta leve 2 = Alerta moderada / Reiterada 3 = Alto riesgo │ SEMÁFORO: Verde 0-2 · Amarillo 3-5 · Rojo 6-12
D3: PUNTAJES POR ÁMBITO (seleccionar del menú desplegable) | H3: RESULTADO
A4: N° | B4: NOMBRE ESTUDIANTE | C4: MENTOR RESPONSABLE | D4: TRAYECTORIA EDUCATIVA | E4: ÁMBITO ACADÉMICO | F4: ÁMBITO CONDUCTUAL | G4: ÁMBITO SOCIOEMOCIONAL | H4: TOTAL | I4: SEMÁFORO | J4: OBSERVACIONES / NOTAS
A5: =IF(B5<>"",ROW()-4,"") | H5: =IF(B5="","",IFERROR(IF(D5="",0,VALUE(LEFT(D5,1)))+IF(E5="",0,VALUE(LEFT(E5,1)))+IF(F5="",0,VALUE(LEFT(F5,1)))+IF(G5="",0,VALUE(LEFT(G5,1))),0)) | I5: =IF(B5="","",IF(H5<=2,"🟢 VERDE",IF(H5<=5,"🟡 AMARILLO","🔴 ROJO")))
A6: =IF(B6<>"",ROW()-4,"") | H6: =IF(B6="","",IFERROR(IF(D6="",0,VALUE(LEFT(D6,1)))+IF(E6="",0,VALUE(LEFT(E6,1)))+IF(F6="",0,VALUE(LEFT(F6,1)))+IF(G6="",0,VALUE(LEFT(G6,1))),0)) | I6: =IF(B6="","",IF(H6<=2,"🟢 VERDE",IF(H6<=5,"🟡 AMARILLO","🔴 ROJO")))
A7: =IF(B7<>"",ROW()-4,"") | H7: =IF(B7="","",IFERROR(IF(D7="",0,VALUE(LEFT(D7,1)))+IF(E7="",0,VALUE(LEFT(E7,1)))+IF(F7="",0,VALUE(LEFT(F7,1)))+IF(G7="",0,VALUE(LEFT(G7,1))),0)) | I7: =IF(B7="","",IF(H7<=2,"🟢 VERDE",IF(H7<=5,"🟡 AMARILLO","🔴 ROJO")))
A8: =IF(B8<>"",ROW()-4,"") | H8: =IF(B8="","",IFERROR(IF(D8="",0,VALUE(LEFT(D8,1)))+IF(E8="",0,VALUE(LEFT(E8,1)))+IF(F8="",0,VALUE(LEFT(F8,1)))+IF(G8="",0,VALUE(LEFT(G8,1))),0)) | I8: =IF(B8="","",IF(H8<=2,"🟢 VERDE",IF(H8<=5,"🟡 AMARILLO","🔴 ROJO")))
A9: =IF(B9<>"",ROW()-4,"") | H9: =IF(B9="","",IFERROR(IF(D9="",0,VALUE(LEFT(D9,1)))+IF(E9="",0,VALUE(LEFT(E9,1)))+IF(F9="",0,VALUE(LEFT(F9,1)))+IF(G9="",0,VALUE(LEFT(G9,1))),0)) | I9: =IF(B9="","",IF(H9<=2,"🟢 VERDE",IF(H9<=5,"🟡 AMARILLO","🔴 ROJO")))
A10: =IF(B10<>"",ROW()-4,"") | H10: =IF(B10="","",IFERROR(IF(D10="",0,VALUE(LEFT(D10,1)))+IF(E10="",0,VALUE(LEFT(E10,1)))+IF(F10="",0,VALUE(LEFT(F10,1)))+IF(G10="",0,VALUE(LEFT(G10,1))),0)) | I10: =IF(B10="","",IF(H10<=2,"🟢 VERDE",IF(H10<=5,"🟡 AMARILLO","🔴 ROJO")))
A11: =IF(B11<>"",ROW()-4,"") | H11: =IF(B11="","",IFERROR(IF(D11="",0,VALUE(LEFT(D11,1)))+IF(E11="",0,VALUE(LEFT(E11,1)))+IF(F11="",0,VALUE(LEFT(F11,1)))+IF(G11="",0,VALUE(LEFT(G11,1))),0)) | I11: =IF(B11="","",IF(H11<=2,"🟢 VERDE",IF(H11<=5,"🟡 AMARILLO","🔴 ROJO")))
A12: =IF(B12<>"",ROW()-4,"") | H12: =IF(B12="","",IFERROR(IF(D12="",0,VALUE(LEFT(D12,1)))+IF(E12="",0,VALUE(LEFT(E12,1)))+IF(F12="",0,VALUE(LEFT(F12,1)))+IF(G12="",0,VALUE(LEFT(G12,1))),0)) | I12: =IF(B12="","",IF(H12<=2,"🟢 VERDE",IF(H12<=5,"🟡 AMARILLO","🔴 ROJO")))
A13: =IF(B13<>"",ROW()-4,"") | H13: =IF(B13="","",IFERROR(IF(D13="",0,VALUE(LEFT(D13,1)))+IF(E13="",0,VALUE(LEFT(E13,1)))+IF(F13="",0,VALUE(LEFT(F13,1)))+IF(G13="",0,VALUE(LEFT(G13,1))),0)) | I13: =IF(B13="","",IF(H13<=2,"🟢 VERDE",IF(H13<=5,"🟡 AMARILLO","🔴 ROJO")))
A14: =IF(B14<>"",ROW()-4,"") | H14: =IF(B14="","",IFERROR(IF(D14="",0,VALUE(LEFT(D14,1)))+IF(E14="",0,VALUE(LEFT(E14,1)))+IF(F14="",0,VALUE(LEFT(F14,1)))+IF(G14="",0,VALUE(LEFT(G14,1))),0)) | I14: =IF(B14="","",IF(H14<=2,"🟢 VERDE",IF(H14<=5,"🟡 AMARILLO","🔴 ROJO")))
A15: =IF(B15<>"",ROW()-4,"") | H15: =IF(B15="","",IFERROR(IF(D15="",0,VALUE(LEFT(D15,1)))+IF(E15="",0,VALUE(LEFT(E15,1)))+IF(F15="",0,VALUE(LEFT(F15,1)))+IF(G15="",0,VALUE(LEFT(G15,1))),0)) | I15: =IF(B15="","",IF(H15<=2,"🟢 VERDE",IF(H15<=5,"🟡 AMARILLO","🔴 ROJO")))
A16: =IF(B16<>"",ROW()-4,"") | H16: =IF(B16="","",IFERROR(IF(D16="",0,VALUE(LEFT(D16,1)))+IF(E16="",0,VALUE(LEFT(E16,1)))+IF(F16="",0,VALUE(LEFT(F16,1)))+IF(G16="",0,VALUE(LEFT(G16,1))),0)) | I16: =IF(B16="","",IF(H16<=2,"🟢 VERDE",IF(H16<=5,"🟡 AMARILLO","🔴 ROJO")))
... A54: =IF(B54<>"",ROW()-4,"") | H54: =IF(B54="","",IFERROR(IF(D54="",0,VALUE(LEFT(D54,1)))+IF(E54="",0,VALUE(LEFT(E54,1)))+IF(F54="",0,VALUE(LEFT(F54,1)))+IF(G54="",0,VALUE(LEFT(G54,1))),0)) | I54: =IF(B54="","",IF(H54<=2,"🟢 VERDE",IF(H54<=5,"🟡 AMARILLO","🔴 ROJO")))
A55: TOTALES CURSO 4C | D55: =COUNTIF(D5:D54,"<>"&"") | E55: =COUNTIF(E5:E54,"<>"&"") | F55: =COUNTIF(F5:F54,"<>"&"") | G55: =COUNTIF(G5:G54,"<>"&"") | H55: =COUNTA(B5:B54) | I55: =COUNTIF(I5:I54,"🔴 ROJO")&" 🔴 "&COUNTIF(I5:I54,"🟡 AMARILLO")&" 🟡 "&COUNTIF(I5:I54,"🟢 VERDE")&" 🟢" | J55: ← Conteo: Rojo · Amarillo · Verde

Sheet 5A
A1: CURSO 5A — Registro de Seguimiento de Estudiantes
A2: PUNTAJES: 0 = Sin alerta / Regular 1 = Alerta leve 2 = Alerta moderada / Reiterada 3 = Alto riesgo │ SEMÁFORO: Verde 0-2 · Amarillo 3-5 · Rojo 6-12
D3: PUNTAJES POR ÁMBITO (seleccionar del menú desplegable) | H3: RESULTADO
A4: N° | B4: NOMBRE ESTUDIANTE | C4: MENTOR RESPONSABLE | D4: TRAYECTORIA EDUCATIVA | E4: ÁMBITO ACADÉMICO | F4: ÁMBITO CONDUCTUAL | G4: ÁMBITO SOCIOEMOCIONAL | H4: TOTAL | I4: SEMÁFORO | J4: OBSERVACIONES / NOTAS
A5: =IF(B5<>"",ROW()-4,"") | H5: =IF(B5="","",IFERROR(IF(D5="",0,VALUE(LEFT(D5,1)))+IF(E5="",0,VALUE(LEFT(E5,1)))+IF(F5="",0,VALUE(LEFT(F5,1)))+IF(G5="",0,VALUE(LEFT(G5,1))),0)) | I5: =IF(B5="","",IF(H5<=2,"🟢 VERDE",IF(H5<=5,"🟡 AMARILLO","🔴 ROJO")))
A6: =IF(B6<>"",ROW()-4,"") | H6: =IF(B6="","",IFERROR(IF(D6="",0,VALUE(LEFT(D6,1)))+IF(E6="",0,VALUE(LEFT(E6,1)))+IF(F6="",0,VALUE(LEFT(F6,1)))+IF(G6="",0,VALUE(LEFT(G6,1))),0)) | I6: =IF(B6="","",IF(H6<=2,"🟢 VERDE",IF(H6<=5,"🟡 AMARILLO","🔴 ROJO")))
A7: =IF(B7<>"",ROW()-4,"") | H7: =IF(B7="","",IFERROR(IF(D7="",0,VALUE(LEFT(D7,1)))+IF(E7="",0,VALUE(LEFT(E7,1)))+IF(F7="",0,VALUE(LEFT(F7,1)))+IF(G7="",0,VALUE(LEFT(G7,1))),0)) | I7: =IF(B7="","",IF(H7<=2,"🟢 VERDE",IF(H7<=5,"🟡 AMARILLO","🔴 ROJO")))
A8: =IF(B8<>"",ROW()-4,"") | H8: =IF(B8="","",IFERROR(IF(D8="",0,VALUE(LEFT(D8,1)))+IF(E8="",0,VALUE(LEFT(E8,1)))+IF(F8="",0,VALUE(LEFT(F8,1)))+IF(G8="",0,VALUE(LEFT(G8,1))),0)) | I8: =IF(B8="","",IF(H8<=2,"🟢 VERDE",IF(H8<=5,"🟡 AMARILLO","🔴 ROJO")))
A9: =IF(B9<>"",ROW()-4,"") | H9: =IF(B9="","",IFERROR(IF(D9="",0,VALUE(LEFT(D9,1)))+IF(E9="",0,VALUE(LEFT(E9,1)))+IF(F9="",0,VALUE(LEFT(F9,1)))+IF(G9="",0,VALUE(LEFT(G9,1))),0)) | I9: =IF(B9="","",IF(H9<=2,"🟢 VERDE",IF(H9<=5,"🟡 AMARILLO","🔴 ROJO")))
A10: =IF(B10<>"",ROW()-4,"") | H10: =IF(B10="","",IFERROR(IF(D10="",0,VALUE(LEFT(D10,1)))+IF(E10="",0,VALUE(LEFT(E10,1)))+IF(F10="",0,VALUE(LEFT(F10,1)))+IF(G10="",0,VALUE(LEFT(G10,1))),0)) | I10: =IF(B10="","",IF(H10<=2,"🟢 VERDE",IF(H10<=5,"🟡 AMARILLO","🔴 ROJO")))
A11: =IF(B11<>"",ROW()-4,"") | H11: =IF(B11="","",IFERROR(IF(D11="",0,VALUE(LEFT(D11,1)))+IF(E11="",0,VALUE(LEFT(E11,1)))+IF(F11="",0,VALUE(LEFT(F11,1)))+IF(G11="",0,VALUE(LEFT(G11,1))),0)) | I11: =IF(B11="","",IF(H11<=2,"🟢 VERDE",IF(H11<=5,"🟡 AMARILLO","🔴 ROJO")))
A12: =IF(B12<>"",ROW()-4,"") | H12: =IF(B12="","",IFERROR(IF(D12="",0,VALUE(LEFT(D12,1)))+IF(E12="",0,VALUE(LEFT(E12,1)))+IF(F12="",0,VALUE(LEFT(F12,1)))+IF(G12="",0,VALUE(LEFT(G12,1))),0)) | I12: =IF(B12="","",IF(H12<=2,"🟢 VERDE",IF(H12<=5,"🟡 AMARILLO","🔴 ROJO")))
A13: =IF(B13<>"",ROW()-4,"") | H13: =IF(B13="","",IFERROR(IF(D13="",0,VALUE(LEFT(D13,1)))+IF(E13="",0,VALUE(LEFT(E13,1)))+IF(F13="",0,VALUE(LEFT(F13,1)))+IF(G13="",0,VALUE(LEFT(G13,1))),0)) | I13: =IF(B13="","",IF(H13<=2,"🟢 VERDE",IF(H13<=5,"🟡 AMARILLO","🔴 ROJO")))
A14: =IF(B14<>"",ROW()-4,"") | H14: =IF(B14="","",IFERROR(IF(D14="",0,VALUE(LEFT(D14,1)))+IF(E14="",0,VALUE(LEFT(E14,1)))+IF(F14="",0,VALUE(LEFT(F14,1)))+IF(G14="",0,VALUE(LEFT(G14,1))),0)) | I14: =IF(B14="","",IF(H14<=2,"🟢 VERDE",IF(H14<=5,"🟡 AMARILLO","🔴 ROJO")))
A15: =IF(B15<>"",ROW()-4,"") | H15: =IF(B15="","",IFERROR(IF(D15="",0,VALUE(LEFT(D15,1)))+IF(E15="",0,VALUE(LEFT(E15,1)))+IF(F15="",0,VALUE(LEFT(F15,1)))+IF(G15="",0,VALUE(LEFT(G15,1))),0)) | I15: =IF(B15="","",IF(H15<=2,"🟢 VERDE",IF(H15<=5,"🟡 AMARILLO","🔴 ROJO")))
A16: =IF(B16<>"",ROW()-4,"") | H16: =IF(B16="","",IFERROR(IF(D16="",0,VALUE(LEFT(D16,1)))+IF(E16="",0,VALUE(LEFT(E16,1)))+IF(F16="",0,VALUE(LEFT(F16,1)))+IF(G16="",0,VALUE(LEFT(G16,1))),0)) | I16: =IF(B16="","",IF(H16<=2,"🟢 VERDE",IF(H16<=5,"🟡 AMARILLO","🔴 ROJO")))
... A54: =IF(B54<>"",ROW()-4,"") | H54: =IF(B54="","",IFERROR(IF(D54="",0,VALUE(LEFT(D54,1)))+IF(E54="",0,VALUE(LEFT(E54,1)))+IF(F54="",0,VALUE(LEFT(F54,1)))+IF(G54="",0,VALUE(LEFT(G54,1))),0)) | I54: =IF(B54="","",IF(H54<=2,"🟢 VERDE",IF(H54<=5,"🟡 AMARILLO","🔴 ROJO")))
A55: TOTALES CURSO 5A | D55: =COUNTIF(D5:D54,"<>"&"") | E55: =COUNTIF(E5:E54,"<>"&"") | F55: =COUNTIF(F5:F54,"<>"&"") | G55: =COUNTIF(G5:G54,"<>"&"") | H55: =COUNTA(B5:B54) | I55: =COUNTIF(I5:I54,"🔴 ROJO")&" 🔴 "&COUNTIF(I5:I54,"🟡 AMARILLO")&" 🟡 "&COUNTIF(I5:I54,"🟢 VERDE")&" 🟢" | J55: ← Conteo: Rojo · Amarillo · Verde

Sheet 5B
A1: CURSO 5B — Registro de Seguimiento de Estudiantes
A2: PUNTAJES: 0 = Sin alerta / Regular 1 = Alerta leve 2 = Alerta moderada / Reiterada 3 = Alto riesgo │ SEMÁFORO: Verde 0-2 · Amarillo 3-5 · Rojo 6-12
D3: PUNTAJES POR ÁMBITO (seleccionar del menú desplegable) | H3: RESULTADO
A4: N° | B4: NOMBRE ESTUDIANTE | C4: MENTOR RESPONSABLE | D4: TRAYECTORIA EDUCATIVA | E4: ÁMBITO ACADÉMICO | F4: ÁMBITO CONDUCTUAL | G4: ÁMBITO SOCIOEMOCIONAL | H4: TOTAL | I4: SEMÁFORO | J4: OBSERVACIONES / NOTAS
A5: =IF(B5<>"",ROW()-4,"") | H5: =IF(B5="","",IFERROR(IF(D5="",0,VALUE(LEFT(D5,1)))+IF(E5="",0,VALUE(LEFT(E5,1)))+IF(F5="",0,VALUE(LEFT(F5,1)))+IF(G5="",0,VALUE(LEFT(G5,1))),0)) | I5: =IF(B5="","",IF(H5<=2,"🟢 VERDE",IF(H5<=5,"🟡 AMARILLO","🔴 ROJO")))
A6: =IF(B6<>"",ROW()-4,"") | H6: =IF(B6="","",IFERROR(IF(D6="",0,VALUE(LEFT(D6,1)))+IF(E6="",0,VALUE(LEFT(E6,1)))+IF(F6="",0,VALUE(LEFT(F6,1)))+IF(G6="",0,VALUE(LEFT(G6,1))),0)) | I6: =IF(B6="","",IF(H6<=2,"🟢 VERDE",IF(H6<=5,"🟡 AMARILLO","🔴 ROJO")))
A7: =IF(B7<>"",ROW()-4,"") | H7: =IF(B7="","",IFERROR(IF(D7="",0,VALUE(LEFT(D7,1)))+IF(E7="",0,VALUE(LEFT(E7,1)))+IF(F7="",0,VALUE(LEFT(F7,1)))+IF(G7="",0,VALUE(LEFT(G7,1))),0)) | I7: =IF(B7="","",IF(H7<=2,"🟢 VERDE",IF(H7<=5,"🟡 AMARILLO","🔴 ROJO")))
A8: =IF(B8<>"",ROW()-4,"") | H8: =IF(B8="","",IFERROR(IF(D8="",0,VALUE(LEFT(D8,1)))+IF(E8="",0,VALUE(LEFT(E8,1)))+IF(F8="",0,VALUE(LEFT(F8,1)))+IF(G8="",0,VALUE(LEFT(G8,1))),0)) | I8: =IF(B8="","",IF(H8<=2,"🟢 VERDE",IF(H8<=5,"🟡 AMARILLO","🔴 ROJO")))
A9: =IF(B9<>"",ROW()-4,"") | H9: =IF(B9="","",IFERROR(IF(D9="",0,VALUE(LEFT(D9,1)))+IF(E9="",0,VALUE(LEFT(E9,1)))+IF(F9="",0,VALUE(LEFT(F9,1)))+IF(G9="",0,VALUE(LEFT(G9,1))),0)) | I9: =IF(B9="","",IF(H9<=2,"🟢 VERDE",IF(H9<=5,"🟡 AMARILLO","🔴 ROJO")))
A10: =IF(B10<>"",ROW()-4,"") | H10: =IF(B10="","",IFERROR(IF(D10="",0,VALUE(LEFT(D10,1)))+IF(E10="",0,VALUE(LEFT(E10,1)))+IF(F10="",0,VALUE(LEFT(F10,1)))+IF(G10="",0,VALUE(LEFT(G10,1))),0)) | I10: =IF(B10="","",IF(H10<=2,"🟢 VERDE",IF(H10<=5,"🟡 AMARILLO","🔴 ROJO")))
A11: =IF(B11<>"",ROW()-4,"") | H11: =IF(B11="","",IFERROR(IF(D11="",0,VALUE(LEFT(D11,1)))+IF(E11="",0,VALUE(LEFT(E11,1)))+IF(F11="",0,VALUE(LEFT(F11,1)))+IF(G11="",0,VALUE(LEFT(G11,1))),0)) | I11: =IF(B11="","",IF(H11<=2,"🟢 VERDE",IF(H11<=5,"🟡 AMARILLO","🔴 ROJO")))
A12: =IF(B12<>"",ROW()-4,"") | H12: =IF(B12="","",IFERROR(IF(D12="",0,VALUE(LEFT(D12,1)))+IF(E12="",0,VALUE(LEFT(E12,1)))+IF(F12="",0,VALUE(LEFT(F12,1)))+IF(G12="",0,VALUE(LEFT(G12,1))),0)) | I12: =IF(B12="","",IF(H12<=2,"🟢 VERDE",IF(H12<=5,"🟡 AMARILLO","🔴 ROJO")))
A13: =IF(B13<>"",ROW()-4,"") | H13: =IF(B13="","",IFERROR(IF(D13="",0,VALUE(LEFT(D13,1)))+IF(E13="",0,VALUE(LEFT(E13,1)))+IF(F13="",0,VALUE(LEFT(F13,1)))+IF(G13="",0,VALUE(LEFT(G13,1))),0)) | I13: =IF(B13="","",IF(H13<=2,"🟢 VERDE",IF(H13<=5,"🟡 AMARILLO","🔴 ROJO")))
A14: =IF(B14<>"",ROW()-4,"") | H14: =IF(B14="","",IFERROR(IF(D14="",0,VALUE(LEFT(D14,1)))+IF(E14="",0,VALUE(LEFT(E14,1)))+IF(F14="",0,VALUE(LEFT(F14,1)))+IF(G14="",0,VALUE(LEFT(G14,1))),0)) | I14: =IF(B14="","",IF(H14<=2,"🟢 VERDE",IF(H14<=5,"🟡 AMARILLO","🔴 ROJO")))
A15: =IF(B15<>"",ROW()-4,"") | H15: =IF(B15="","",IFERROR(IF(D15="",0,VALUE(LEFT(D15,1)))+IF(E15="",0,VALUE(LEFT(E15,1)))+IF(F15="",0,VALUE(LEFT(F15,1)))+IF(G15="",0,VALUE(LEFT(G15,1))),0)) | I15: =IF(B15="","",IF(H15<=2,"🟢 VERDE",IF(H15<=5,"🟡 AMARILLO","🔴 ROJO")))
A16: =IF(B16<>"",ROW()-4,"") | H16: =IF(B16="","",IFERROR(IF(D16="",0,VALUE(LEFT(D16,1)))+IF(E16="",0,VALUE(LEFT(E16,1)))+IF(F16="",0,VALUE(LEFT(F16,1)))+IF(G16="",0,VALUE(LEFT(G16,1))),0)) | I16: =IF(B16="","",IF(H16<=2,"🟢 VERDE",IF(H16<=5,"🟡 AMARILLO","🔴 ROJO")))
... A54: =IF(B54<>"",ROW()-4,"") | H54: =IF(B54="","",IFERROR(IF(D54="",0,VALUE(LEFT(D54,1)))+IF(E54="",0,VALUE(LEFT(E54,1)))+IF(F54="",0,VALUE(LEFT(F54,1)))+IF(G54="",0,VALUE(LEFT(G54,1))),0)) | I54: =IF(B54="","",IF(H54<=2,"🟢 VERDE",IF(H54<=5,"🟡 AMARILLO","🔴 ROJO")))
A55: TOTALES CURSO 5B | D55: =COUNTIF(D5:D54,"<>"&"") | E55: =COUNTIF(E5:E54,"<>"&"") | F55: =COUNTIF(F5:F54,"<>"&"") | G55: =COUNTIF(G5:G54,"<>"&"") | H55: =COUNTA(B5:B54) | I55: =COUNTIF(I5:I54,"🔴 ROJO")&" 🔴 "&COUNTIF(I5:I54,"🟡 AMARILLO")&" 🟡 "&COUNTIF(I5:I54,"🟢 VERDE")&" 🟢" | J55: ← Conteo: Rojo · Amarillo · Verde

Sheet 5C
A1: CURSO 5C — Registro de Seguimiento de Estudiantes
A2: PUNTAJES: 0 = Sin alerta / Regular 1 = Alerta leve 2 = Alerta moderada / Reiterada 3 = Alto riesgo │ SEMÁFORO: Verde 0-2 · Amarillo 3-5 · Rojo 6-12
D3: PUNTAJES POR ÁMBITO (seleccionar del menú desplegable) | H3: RESULTADO
A4: N° | B4: NOMBRE ESTUDIANTE | C4: MENTOR RESPONSABLE | D4: TRAYECTORIA EDUCATIVA | E4: ÁMBITO ACADÉMICO | F4: ÁMBITO CONDUCTUAL | G4: ÁMBITO SOCIOEMOCIONAL | H4: TOTAL | I4: SEMÁFORO | J4: OBSERVACIONES / NOTAS
A5: =IF(B5<>"",ROW()-4,"") | H5: =IF(B5="","",IFERROR(IF(D5="",0,VALUE(LEFT(D5,1)))+IF(E5="",0,VALUE(LEFT(E5,1)))+IF(F5="",0,VALUE(LEFT(F5,1)))+IF(G5="",0,VALUE(LEFT(G5,1))),0)) | I5: =IF(B5="","",IF(H5<=2,"🟢 VERDE",IF(H5<=5,"🟡 AMARILLO","🔴 ROJO")))
A6: =IF(B6<>"",ROW()-4,"") | H6: =IF(B6="","",IFERROR(IF(D6="",0,VALUE(LEFT(D6,1)))+IF(E6="",0,VALUE(LEFT(E6,1)))+IF(F6="",0,VALUE(LEFT(F6,1)))+IF(G6="",0,VALUE(LEFT(G6,1))),0)) | I6: =IF(B6="","",IF(H6<=2,"🟢 VERDE",IF(H6<=5,"🟡 AMARILLO","🔴 ROJO")))
A7: =IF(B7<>"",ROW()-4,"") | H7: =IF(B7="","",IFERROR(IF(D7="",0,VALUE(LEFT(D7,1)))+IF(E7="",0,VALUE(LEFT(E7,1)))+IF(F7="",0,VALUE(LEFT(F7,1)))+IF(G7="",0,VALUE(LEFT(G7,1))),0)) | I7: =IF(B7="","",IF(H7<=2,"🟢 VERDE",IF(H7<=5,"🟡 AMARILLO","🔴 ROJO")))
A8: =IF(B8<>"",ROW()-4,"") | H8: =IF(B8="","",IFERROR(IF(D8="",0,VALUE(LEFT(D8,1)))+IF(E8="",0,VALUE(LEFT(E8,1)))+IF(F8="",0,VALUE(LEFT(F8,1)))+IF(G8="",0,VALUE(LEFT(G8,1))),0)) | I8: =IF(B8="","",IF(H8<=2,"🟢 VERDE",IF(H8<=5,"🟡 AMARILLO","🔴 ROJO")))
A9: =IF(B9<>"",ROW()-4,"") | H9: =IF(B9="","",IFERROR(IF(D9="",0,VALUE(LEFT(D9,1)))+IF(E9="",0,VALUE(LEFT(E9,1)))+IF(F9="",0,VALUE(LEFT(F9,1)))+IF(G9="",0,VALUE(LEFT(G9,1))),0)) | I9: =IF(B9="","",IF(H9<=2,"🟢 VERDE",IF(H9<=5,"🟡 AMARILLO","🔴 ROJO")))
A10: =IF(B10<>"",ROW()-4,"") | H10: =IF(B10="","",IFERROR(IF(D10="",0,VALUE(LEFT(D10,1)))+IF(E10="",0,VALUE(LEFT(E10,1)))+IF(F10="",0,VALUE(LEFT(F10,1)))+IF(G10="",0,VALUE(LEFT(G10,1))),0)) | I10: =IF(B10="","",IF(H10<=2,"🟢 VERDE",IF(H10<=5,"🟡 AMARILLO","🔴 ROJO")))
A11: =IF(B11<>"",ROW()-4,"") | H11: =IF(B11="","",IFERROR(IF(D11="",0,VALUE(LEFT(D11,1)))+IF(E11="",0,VALUE(LEFT(E11,1)))+IF(F11="",0,VALUE(LEFT(F11,1)))+IF(G11="",0,VALUE(LEFT(G11,1))),0)) | I11: =IF(B11="","",IF(H11<=2,"🟢 VERDE",IF(H11<=5,"🟡 AMARILLO","🔴 ROJO")))
A12: =IF(B12<>"",ROW()-4,"") | H12: =IF(B12="","",IFERROR(IF(D12="",0,VALUE(LEFT(D12,1)))+IF(E12="",0,VALUE(LEFT(E12,1)))+IF(F12="",0,VALUE(LEFT(F12,1)))+IF(G12="",0,VALUE(LEFT(G12,1))),0)) | I12: =IF(B12="","",IF(H12<=2,"🟢 VERDE",IF(H12<=5,"🟡 AMARILLO","🔴 ROJO")))
A13: =IF(B13<>"",ROW()-4,"") | H13: =IF(B13="","",IFERROR(IF(D13="",0,VALUE(LEFT(D13,1)))+IF(E13="",0,VALUE(LEFT(E13,1)))+IF(F13="",0,VALUE(LEFT(F13,1)))+IF(G13="",0,VALUE(LEFT(G13,1))),0)) | I13: =IF(B13="","",IF(H13<=2,"🟢 VERDE",IF(H13<=5,"🟡 AMARILLO","🔴 ROJO")))
A14: =IF(B14<>"",ROW()-4,"") | H14: =IF(B14="","",IFERROR(IF(D14="",0,VALUE(LEFT(D14,1)))+IF(E14="",0,VALUE(LEFT(E14,1)))+IF(F14="",0,VALUE(LEFT(F14,1)))+IF(G14="",0,VALUE(LEFT(G14,1))),0)) | I14: =IF(B14="","",IF(H14<=2,"🟢 VERDE",IF(H14<=5,"🟡 AMARILLO","🔴 ROJO")))
A15: =IF(B15<>"",ROW()-4,"") | H15: =IF(B15="","",IFERROR(IF(D15="",0,VALUE(LEFT(D15,1)))+IF(E15="",0,VALUE(LEFT(E15,1)))+IF(F15="",0,VALUE(LEFT(F15,1)))+IF(G15="",0,VALUE(LEFT(G15,1))),0)) | I15: =IF(B15="","",IF(H15<=2,"🟢 VERDE",IF(H15<=5,"🟡 AMARILLO","🔴 ROJO")))
A16: =IF(B16<>"",ROW()-4,"") | H16: =IF(B16="","",IFERROR(IF(D16="",0,VALUE(LEFT(D16,1)))+IF(E16="",0,VALUE(LEFT(E16,1)))+IF(F16="",0,VALUE(LEFT(F16,1)))+IF(G16="",0,VALUE(LEFT(G16,1))),0)) | I16: =IF(B16="","",IF(H16<=2,"🟢 VERDE",IF(H16<=5,"🟡 AMARILLO","🔴 ROJO")))
... A54: =IF(B54<>"",ROW()-4,"") | H54: =IF(B54="","",IFERROR(IF(D54="",0,VALUE(LEFT(D54,1)))+IF(E54="",0,VALUE(LEFT(E54,1)))+IF(F54="",0,VALUE(LEFT(F54,1)))+IF(G54="",0,VALUE(LEFT(G54,1))),0)) | I54: =IF(B54="","",IF(H54<=2,"🟢 VERDE",IF(H54<=5,"🟡 AMARILLO","🔴 ROJO")))
A55: TOTALES CURSO 5C | D55: =COUNTIF(D5:D54,"<>"&"") | E55: =COUNTIF(E5:E54,"<>"&"") | F55: =COUNTIF(F5:F54,"<>"&"") | G55: =COUNTIF(G5:G54,"<>"&"") | H55: =COUNTA(B5:B54) | I55: =COUNTIF(I5:I54,"🔴 ROJO")&" 🔴 "&COUNTIF(I5:I54,"🟡 AMARILLO")&" 🟡 "&COUNTIF(I5:I54,"🟢 VERDE")&" 🟢" | J55: ← Conteo: Rojo · Amarillo · Verde

Sheet 6A
A1: CURSO 6A — Registro de Seguimiento de Estudiantes
A2: PUNTAJES: 0 = Sin alerta / Regular 1 = Alerta leve 2 = Alerta moderada / Reiterada 3 = Alto riesgo │ SEMÁFORO: Verde 0-2 · Amarillo 3-5 · Rojo 6-12
D3: PUNTAJES POR ÁMBITO (seleccionar del menú desplegable) | H3: RESULTADO
A4: N° | B4: NOMBRE ESTUDIANTE | C4: MENTOR RESPONSABLE | D4: TRAYECTORIA EDUCATIVA | E4: ÁMBITO ACADÉMICO | F4: ÁMBITO CONDUCTUAL | G4: ÁMBITO SOCIOEMOCIONAL | H4: TOTAL | I4: SEMÁFORO | J4: OBSERVACIONES / NOTAS
A5: =IF(B5<>"",ROW()-4,"") | H5: =IF(B5="","",IFERROR(IF(D5="",0,VALUE(LEFT(D5,1)))+IF(E5="",0,VALUE(LEFT(E5,1)))+IF(F5="",0,VALUE(LEFT(F5,1)))+IF(G5="",0,VALUE(LEFT(G5,1))),0)) | I5: =IF(B5="","",IF(H5<=2,"🟢 VERDE",IF(H5<=5,"🟡 AMARILLO","🔴 ROJO")))
A6: =IF(B6<>"",ROW()-4,"") | H6: =IF(B6="","",IFERROR(IF(D6="",0,VALUE(LEFT(D6,1)))+IF(E6="",0,VALUE(LEFT(E6,1)))+IF(F6="",0,VALUE(LEFT(F6,1)))+IF(G6="",0,VALUE(LEFT(G6,1))),0)) | I6: =IF(B6="","",IF(H6<=2,"🟢 VERDE",IF(H6<=5,"🟡 AMARILLO","🔴 ROJO")))
A7: =IF(B7<>"",ROW()-4,"") | H7: =IF(B7="","",IFERROR(IF(D7="",0,VALUE(LEFT(D7,1)))+IF(E7="",0,VALUE(LEFT(E7,1)))+IF(F7="",0,VALUE(LEFT(F7,1)))+IF(G7="",0,VALUE(LEFT(G7,1))),0)) | I7: =IF(B7="","",IF(H7<=2,"🟢 VERDE",IF(H7<=5,"🟡 AMARILLO","🔴 ROJO")))
A8: =IF(B8<>"",ROW()-4,"") | H8: =IF(B8="","",IFERROR(IF(D8="",0,VALUE(LEFT(D8,1)))+IF(E8="",0,VALUE(LEFT(E8,1)))+IF(F8="",0,VALUE(LEFT(F8,1)))+IF(G8="",0,VALUE(LEFT(G8,1))),0)) | I8: =IF(B8="","",IF(H8<=2,"🟢 VERDE",IF(H8<=5,"🟡 AMARILLO","🔴 ROJO")))
A9: =IF(B9<>"",ROW()-4,"") | H9: =IF(B9="","",IFERROR(IF(D9="",0,VALUE(LEFT(D9,1)))+IF(E9="",0,VALUE(LEFT(E9,1)))+IF(F9="",0,VALUE(LEFT(F9,1)))+IF(G9="",0,VALUE(LEFT(G9,1))),0)) | I9: =IF(B9="","",IF(H9<=2,"🟢 VERDE",IF(H9<=5,"🟡 AMARILLO","🔴 ROJO")))
A10: =IF(B10<>"",ROW()-4,"") | H10: =IF(B10="","",IFERROR(IF(D10="",0,VALUE(LEFT(D10,1)))+IF(E10="",0,VALUE(LEFT(E10,1)))+IF(F10="",0,VALUE(LEFT(F10,1)))+IF(G10="",0,VALUE(LEFT(G10,1))),0)) | I10: =IF(B10="","",IF(H10<=2,"🟢 VERDE",IF(H10<=5,"🟡 AMARILLO","🔴 ROJO")))
A11: =IF(B11<>"",ROW()-4,"") | H11: =IF(B11="","",IFERROR(IF(D11="",0,VALUE(LEFT(D11,1)))+IF(E11="",0,VALUE(LEFT(E11,1)))+IF(F11="",0,VALUE(LEFT(F11,1)))+IF(G11="",0,VALUE(LEFT(G11,1))),0)) | I11: =IF(B11="","",IF(H11<=2,"🟢 VERDE",IF(H11<=5,"🟡 AMARILLO","🔴 ROJO")))
A12: =IF(B12<>"",ROW()-4,"") | H12: =IF(B12="","",IFERROR(IF(D12="",0,VALUE(LEFT(D12,1)))+IF(E12="",0,VALUE(LEFT(E12,1)))+IF(F12="",0,VALUE(LEFT(F12,1)))+IF(G12="",0,VALUE(LEFT(G12,1))),0)) | I12: =IF(B12="","",IF(H12<=2,"🟢 VERDE",IF(H12<=5,"🟡 AMARILLO","🔴 ROJO")))
A13: =IF(B13<>"",ROW()-4,"") | H13: =IF(B13="","",IFERROR(IF(D13="",0,VALUE(LEFT(D13,1)))+IF(E13="",0,VALUE(LEFT(E13,1)))+IF(F13="",0,VALUE(LEFT(F13,1)))+IF(G13="",0,VALUE(LEFT(G13,1))),0)) | I13: =IF(B13="","",IF(H13<=2,"🟢 VERDE",IF(H13<=5,"🟡 AMARILLO","🔴 ROJO")))
A14: =IF(B14<>"",ROW()-4,"") | H14: =IF(B14="","",IFERROR(IF(D14="",0,VALUE(LEFT(D14,1)))+IF(E14="",0,VALUE(LEFT(E14,1)))+IF(F14="",0,VALUE(LEFT(F14,1)))+IF(G14="",0,VALUE(LEFT(G14,1))),0)) | I14: =IF(B14="","",IF(H14<=2,"🟢 VERDE",IF(H14<=5,"🟡 AMARILLO","🔴 ROJO")))
A15: =IF(B15<>"",ROW()-4,"") | H15: =IF(B15="","",IFERROR(IF(D15="",0,VALUE(LEFT(D15,1)))+IF(E15="",0,VALUE(LEFT(E15,1)))+IF(F15="",0,VALUE(LEFT(F15,1)))+IF(G15="",0,VALUE(LEFT(G15,1))),0)) | I15: =IF(B15="","",IF(H15<=2,"🟢 VERDE",IF(H15<=5,"🟡 AMARILLO","🔴 ROJO")))
A16: =IF(B16<>"",ROW()-4,"") | H16: =IF(B16="","",IFERROR(IF(D16="",0,VALUE(LEFT(D16,1)))+IF(E16="",0,VALUE(LEFT(E16,1)))+IF(F16="",0,VALUE(LEFT(F16,1)))+IF(G16="",0,VALUE(LEFT(G16,1))),0)) | I16: =IF(B16="","",IF(H16<=2,"🟢 VERDE",IF(H16<=5,"🟡 AMARILLO","🔴 ROJO")))
... A54: =IF(B54<>"",ROW()-4,"") | H54: =IF(B54="","",IFERROR(IF(D54="",0,VALUE(LEFT(D54,1)))+IF(E54="",0,VALUE(LEFT(E54,1)))+IF(F54="",0,VALUE(LEFT(F54,1)))+IF(G54="",0,VALUE(LEFT(G54,1))),0)) | I54: =IF(B54="","",IF(H54<=2,"🟢 VERDE",IF(H54<=5,"🟡 AMARILLO","🔴 ROJO")))
A55: TOTALES CURSO 6A | D55: =COUNTIF(D5:D54,"<>"&"") | E55: =COUNTIF(E5:E54,"<>"&"") | F55: =COUNTIF(F5:F54,"<>"&"") | G55: =COUNTIF(G5:G54,"<>"&"") | H55: =COUNTA(B5:B54) | I55: =COUNTIF(I5:I54,"🔴 ROJO")&" 🔴 "&COUNTIF(I5:I54,"🟡 AMARILLO")&" 🟡 "&COUNTIF(I5:I54,"🟢 VERDE")&" 🟢" | J55: ← Conteo: Rojo · Amarillo · Verde

Sheet 6B
A1: CURSO 6B — Registro de Seguimiento de Estudiantes
A2: PUNTAJES: 0 = Sin alerta / Regular 1 = Alerta leve 2 = Alerta moderada / Reiterada 3 = Alto riesgo │ SEMÁFORO: Verde 0-2 · Amarillo 3-5 · Rojo 6-12
D3: PUNTAJES POR ÁMBITO (seleccionar del menú desplegable) | H3: RESULTADO
A4: N° | B4: NOMBRE ESTUDIANTE | C4: MENTOR RESPONSABLE | D4: TRAYECTORIA EDUCATIVA | E4: ÁMBITO ACADÉMICO | F4: ÁMBITO CONDUCTUAL | G4: ÁMBITO SOCIOEMOCIONAL | H4: TOTAL | I4: SEMÁFORO | J4: OBSERVACIONES / NOTAS
A5: =IF(B5<>"",ROW()-4,"") | H5: =IF(B5="","",IFERROR(IF(D5="",0,VALUE(LEFT(D5,1)))+IF(E5="",0,VALUE(LEFT(E5,1)))+IF(F5="",0,VALUE(LEFT(F5,1)))+IF(G5="",0,VALUE(LEFT(G5,1))),0)) | I5: =IF(B5="","",IF(H5<=2,"🟢 VERDE",IF(H5<=5,"🟡 AMARILLO","🔴 ROJO")))
A6: =IF(B6<>"",ROW()-4,"") | H6: =IF(B6="","",IFERROR(IF(D6="",0,VALUE(LEFT(D6,1)))+IF(E6="",0,VALUE(LEFT(E6,1)))+IF(F6="",0,VALUE(LEFT(F6,1)))+IF(G6="",0,VALUE(LEFT(G6,1))),0)) | I6: =IF(B6="","",IF(H6<=2,"🟢 VERDE",IF(H6<=5,"🟡 AMARILLO","🔴 ROJO")))
A7: =IF(B7<>"",ROW()-4,"") | H7: =IF(B7="","",IFERROR(IF(D7="",0,VALUE(LEFT(D7,1)))+IF(E7="",0,VALUE(LEFT(E7,1)))+IF(F7="",0,VALUE(LEFT(F7,1)))+IF(G7="",0,VALUE(LEFT(G7,1))),0)) | I7: =IF(B7="","",IF(H7<=2,"🟢 VERDE",IF(H7<=5,"🟡 AMARILLO","🔴 ROJO")))
A8: =IF(B8<>"",ROW()-4,"") | H8: =IF(B8="","",IFERROR(IF(D8="",0,VALUE(LEFT(D8,1)))+IF(E8="",0,VALUE(LEFT(E8,1)))+IF(F8="",0,VALUE(LEFT(F8,1)))+IF(G8="",0,VALUE(LEFT(G8,1))),0)) | I8: =IF(B8="","",IF(H8<=2,"🟢 VERDE",IF(H8<=5,"🟡 AMARILLO","🔴 ROJO")))
A9: =IF(B9<>"",ROW()-4,"") | H9: =IF(B9="","",IFERROR(IF(D9="",0,VALUE(LEFT(D9,1)))+IF(E9="",0,VALUE(LEFT(E9,1)))+IF(F9="",0,VALUE(LEFT(F9,1)))+IF(G9="",0,VALUE(LEFT(G9,1))),0)) | I9: =IF(B9="","",IF(H9<=2,"🟢 VERDE",IF(H9<=5,"🟡 AMARILLO","🔴 ROJO")))
A10: =IF(B10<>"",ROW()-4,"") | H10: =IF(B10="","",IFERROR(IF(D10="",0,VALUE(LEFT(D10,1)))+IF(E10="",0,VALUE(LEFT(E10,1)))+IF(F10="",0,VALUE(LEFT(F10,1)))+IF(G10="",0,VALUE(LEFT(G10,1))),0)) | I10: =IF(B10="","",IF(H10<=2,"🟢 VERDE",IF(H10<=5,"🟡 AMARILLO","🔴 ROJO")))
A11: =IF(B11<>"",ROW()-4,"") | H11: =IF(B11="","",IFERROR(IF(D11="",0,VALUE(LEFT(D11,1)))+IF(E11="",0,VALUE(LEFT(E11,1)))+IF(F11="",0,VALUE(LEFT(F11,1)))+IF(G11="",0,VALUE(LEFT(G11,1))),0)) | I11: =IF(B11="","",IF(H11<=2,"🟢 VERDE",IF(H11<=5,"🟡 AMARILLO","🔴 ROJO")))
A12: =IF(B12<>"",ROW()-4,"") | H12: =IF(B12="","",IFERROR(IF(D12="",0,VALUE(LEFT(D12,1)))+IF(E12="",0,VALUE(LEFT(E12,1)))+IF(F12="",0,VALUE(LEFT(F12,1)))+IF(G12="",0,VALUE(LEFT(G12,1))),0)) | I12: =IF(B12="","",IF(H12<=2,"🟢 VERDE",IF(H12<=5,"🟡 AMARILLO","🔴 ROJO")))
A13: =IF(B13<>"",ROW()-4,"") | H13: =IF(B13="","",IFERROR(IF(D13="",0,VALUE(LEFT(D13,1)))+IF(E13="",0,VALUE(LEFT(E13,1)))+IF(F13="",0,VALUE(LEFT(F13,1)))+IF(G13="",0,VALUE(LEFT(G13,1))),0)) | I13: =IF(B13="","",IF(H13<=2,"🟢 VERDE",IF(H13<=5,"🟡 AMARILLO","🔴 ROJO")))
A14: =IF(B14<>"",ROW()-4,"") | H14: =IF(B14="","",IFERROR(IF(D14="",0,VALUE(LEFT(D14,1)))+IF(E14="",0,VALUE(LEFT(E14,1)))+IF(F14="",0,VALUE(LEFT(F14,1)))+IF(G14="",0,VALUE(LEFT(G14,1))),0)) | I14: =IF(B14="","",IF(H14<=2,"🟢 VERDE",IF(H14<=5,"🟡 AMARILLO","🔴 ROJO")))
A15: =IF(B15<>"",ROW()-4,"") | H15: =IF(B15="","",IFERROR(IF(D15="",0,VALUE(LEFT(D15,1)))+IF(E15="",0,VALUE(LEFT(E15,1)))+IF(F15="",0,VALUE(LEFT(F15,1)))+IF(G15="",0,VALUE(LEFT(G15,1))),0)) | I15: =IF(B15="","",IF(H15<=2,"🟢 VERDE",IF(H15<=5,"🟡 AMARILLO","🔴 ROJO")))
A16: =IF(B16<>"",ROW()-4,"") | H16: =IF(B16="","",IFERROR(IF(D16="",0,VALUE(LEFT(D16,1)))+IF(E16="",0,VALUE(LEFT(E16,1)))+IF(F16="",0,VALUE(LEFT(F16,1)))+IF(G16="",0,VALUE(LEFT(G16,1))),0)) | I16: =IF(B16="","",IF(H16<=2,"🟢 VERDE",IF(H16<=5,"🟡 AMARILLO","🔴 ROJO")))
... A54: =IF(B54<>"",ROW()-4,"") | H54: =IF(B54="","",IFERROR(IF(D54="",0,VALUE(LEFT(D54,1)))+IF(E54="",0,VALUE(LEFT(E54,1)))+IF(F54="",0,VALUE(LEFT(F54,1)))+IF(G54="",0,VALUE(LEFT(G54,1))),0)) | I54: =IF(B54="","",IF(H54<=2,"🟢 VERDE",IF(H54<=5,"🟡 AMARILLO","🔴 ROJO")))
A55: TOTALES CURSO 6B | D55: =COUNTIF(D5:D54,"<>"&"") | E55: =COUNTIF(E5:E54,"<>"&"") | F55: =COUNTIF(F5:F54,"<>"&"") | G55: =COUNTIF(G5:G54,"<>"&"") | H55: =COUNTA(B5:B54) | I55: =COUNTIF(I5:I54,"🔴 ROJO")&" 🔴 "&COUNTIF(I5:I54,"🟡 AMARILLO")&" 🟡 "&COUNTIF(I5:I54,"🟢 VERDE")&" 🟢" | J55: ← Conteo: Rojo · Amarillo · Verde

Sheet 6C
A1: CURSO 6C — Registro de Seguimiento de Estudiantes
A2: PUNTAJES: 0 = Sin alerta / Regular 1 = Alerta leve 2 = Alerta moderada / Reiterada 3 = Alto riesgo │ SEMÁFORO: Verde 0-2 · Amarillo 3-5 · Rojo 6-12
D3: PUNTAJES POR ÁMBITO (seleccionar del menú desplegable) | H3: RESULTADO
A4: N° | B4: NOMBRE ESTUDIANTE | C4: MENTOR RESPONSABLE | D4: TRAYECTORIA EDUCATIVA | E4: ÁMBITO ACADÉMICO | F4: ÁMBITO CONDUCTUAL | G4: ÁMBITO SOCIOEMOCIONAL | H4: TOTAL | I4: SEMÁFORO | J4: OBSERVACIONES / NOTAS
A5: =IF(B5<>"",ROW()-4,"") | H5: =IF(B5="","",IFERROR(IF(D5="",0,VALUE(LEFT(D5,1)))+IF(E5="",0,VALUE(LEFT(E5,1)))+IF(F5="",0,VALUE(LEFT(F5,1)))+IF(G5="",0,VALUE(LEFT(G5,1))),0)) | I5: =IF(B5="","",IF(H5<=2,"🟢 VERDE",IF(H5<=5,"🟡 AMARILLO","🔴 ROJO")))
A6: =IF(B6<>"",ROW()-4,"") | H6: =IF(B6="","",IFERROR(IF(D6="",0,VALUE(LEFT(D6,1)))+IF(E6="",0,VALUE(LEFT(E6,1)))+IF(F6="",0,VALUE(LEFT(F6,1)))+IF(G6="",0,VALUE(LEFT(G6,1))),0)) | I6: =IF(B6="","",IF(H6<=2,"🟢 VERDE",IF(H6<=5,"🟡 AMARILLO","🔴 ROJO")))
A7: =IF(B7<>"",ROW()-4,"") | H7: =IF(B7="","",IFERROR(IF(D7="",0,VALUE(LEFT(D7,1)))+IF(E7="",0,VALUE(LEFT(E7,1)))+IF(F7="",0,VALUE(LEFT(F7,1)))+IF(G7="",0,VALUE(LEFT(G7,1))),0)) | I7: =IF(B7="","",IF(H7<=2,"🟢 VERDE",IF(H7<=5,"🟡 AMARILLO","🔴 ROJO")))
A8: =IF(B8<>"",ROW()-4,"") | H8: =IF(B8="","",IFERROR(IF(D8="",0,VALUE(LEFT(D8,1)))+IF(E8="",0,VALUE(LEFT(E8,1)))+IF(F8="",0,VALUE(LEFT(F8,1)))+IF(G8="",0,VALUE(LEFT(G8,1))),0)) | I8: =IF(B8="","",IF(H8<=2,"🟢 VERDE",IF(H8<=5,"🟡 AMARILLO","🔴 ROJO")))
A9: =IF(B9<>"",ROW()-4,"") | H9: =IF(B9="","",IFERROR(IF(D9="",0,VALUE(LEFT(D9,1)))+IF(E9="",0,VALUE(LEFT(E9,1)))+IF(F9="",0,VALUE(LEFT(F9,1)))+IF(G9="",0,VALUE(LEFT(G9,1))),0)) | I9: =IF(B9="","",IF(H9<=2,"🟢 VERDE",IF(H9<=5,"🟡 AMARILLO","🔴 ROJO")))
A10: =IF(B10<>"",ROW()-4,"") | H10: =IF(B10="","",IFERROR(IF(D10="",0,VALUE(LEFT(D10,1)))+IF(E10="",0,VALUE(LEFT(E10,1)))+IF(F10="",0,VALUE(LEFT(F10,1)))+IF(G10="",0,VALUE(LEFT(G10,1))),0)) | I10: =IF(B10="","",IF(H10<=2,"🟢 VERDE",IF(H10<=5,"🟡 AMARILLO","🔴 ROJO")))
A11: =IF(B11<>"",ROW()-4,"") | H11: =IF(B11="","",IFERROR(IF(D11="",0,VALUE(LEFT(D11,1)))+IF(E11="",0,VALUE(LEFT(E11,1)))+IF(F11="",0,VALUE(LEFT(F11,1)))+IF(G11="",0,VALUE(LEFT(G11,1))),0)) | I11: =IF(B11="","",IF(H11<=2,"🟢 VERDE",IF(H11<=5,"🟡 AMARILLO","🔴 ROJO")))
A12: =IF(B12<>"",ROW()-4,"") | H12: =IF(B12="","",IFERROR(IF(D12="",0,VALUE(LEFT(D12,1)))+IF(E12="",0,VALUE(LEFT(E12,1)))+IF(F12="",0,VALUE(LEFT(F12,1)))+IF(G12="",0,VALUE(LEFT(G12,1))),0)) | I12: =IF(B12="","",IF(H12<=2,"🟢 VERDE",IF(H12<=5,"🟡 AMARILLO","🔴 ROJO")))
A13: =IF(B13<>"",ROW()-4,"") | H13: =IF(B13="","",IFERROR(IF(D13="",0,VALUE(LEFT(D13,1)))+IF(E13="",0,VALUE(LEFT(E13,1)))+IF(F13="",0,VALUE(LEFT(F13,1)))+IF(G13="",0,VALUE(LEFT(G13,1))),0)) | I13: =IF(B13="","",IF(H13<=2,"🟢 VERDE",IF(H13<=5,"🟡 AMARILLO","🔴 ROJO")))
A14: =IF(B14<>"",ROW()-4,"") | H14: =IF(B14="","",IFERROR(IF(D14="",0,VALUE(LEFT(D14,1)))+IF(E14="",0,VALUE(LEFT(E14,1)))+IF(F14="",0,VALUE(LEFT(F14,1)))+IF(G14="",0,VALUE(LEFT(G14,1))),0)) | I14: =IF(B14="","",IF(H14<=2,"🟢 VERDE",IF(H14<=5,"🟡 AMARILLO","🔴 ROJO")))
A15: =IF(B15<>"",ROW()-4,"") | H15: =IF(B15="","",IFERROR(IF(D15="",0,VALUE(LEFT(D15,1)))+IF(E15="",0,VALUE(LEFT(E15,1)))+IF(F15="",0,VALUE(LEFT(F15,1)))+IF(G15="",0,VALUE(LEFT(G15,1))),0)) | I15: =IF(B15="","",IF(H15<=2,"🟢 VERDE",IF(H15<=5,"🟡 AMARILLO","🔴 ROJO")))
A16: =IF(B16<>"",ROW()-4,"") | H16: =IF(B16="","",IFERROR(IF(D16="",0,VALUE(LEFT(D16,1)))+IF(E16="",0,VALUE(LEFT(E16,1)))+IF(F16="",0,VALUE(LEFT(F16,1)))+IF(G16="",0,VALUE(LEFT(G16,1))),0)) | I16: =IF(B16="","",IF(H16<=2,"🟢 VERDE",IF(H16<=5,"🟡 AMARILLO","🔴 ROJO")))
... A54: =IF(B54<>"",ROW()-4,"") | H54: =IF(B54="","",IFERROR(IF(D54="",0,VALUE(LEFT(D54,1)))+IF(E54="",0,VALUE(LEFT(E54,1)))+IF(F54="",0,VALUE(LEFT(F54,1)))+IF(G54="",0,VALUE(LEFT(G54,1))),0)) | I54: =IF(B54="","",IF(H54<=2,"🟢 VERDE",IF(H54<=5,"🟡 AMARILLO","🔴 ROJO")))
A55: TOTALES CURSO 6C | D55: =COUNTIF(D5:D54,"<>"&"") | E55: =COUNTIF(E5:E54,"<>"&"") | F55: =COUNTIF(F5:F54,"<>"&"") | G55: =COUNTIF(G5:G54,"<>"&"") | H55: =COUNTA(B5:B54) | I55: =COUNTIF(I5:I54,"🔴 ROJO")&" 🔴 "&COUNTIF(I5:I54,"🟡 AMARILLO")&" 🟡 "&COUNTIF(I5:I54,"🟢 VERDE")&" 🟢" | J55: ← Conteo: Rojo · Amarillo · Verde

Sheet 7A
A1: CURSO 7A — Registro de Seguimiento de Estudiantes
A2: PUNTAJES: 0 = Sin alerta / Regular 1 = Alerta leve 2 = Alerta moderada / Reiterada 3 = Alto riesgo │ SEMÁFORO: Verde 0-2 · Amarillo 3-5 · Rojo 6-12
D3: PUNTAJES POR ÁMBITO (seleccionar del menú desplegable) | H3: RESULTADO
A4: N° | B4: NOMBRE ESTUDIANTE | C4: MENTOR RESPONSABLE | D4: TRAYECTORIA EDUCATIVA | E4: ÁMBITO ACADÉMICO | F4: ÁMBITO CONDUCTUAL | G4: ÁMBITO SOCIOEMOCIONAL | H4: TOTAL | I4: SEMÁFORO | J4: OBSERVACIONES / NOTAS
A5: =IF(B5<>"",ROW()-4,"") | H5: =IF(B5="","",IFERROR(IF(D5="",0,VALUE(LEFT(D5,1)))+IF(E5="",0,VALUE(LEFT(E5,1)))+IF(F5="",0,VALUE(LEFT(F5,1)))+IF(G5="",0,VALUE(LEFT(G5,1))),0)) | I5: =IF(B5="","",IF(H5<=2,"🟢 VERDE",IF(H5<=5,"🟡 AMARILLO","🔴 ROJO")))
A6: =IF(B6<>"",ROW()-4,"") | H6: =IF(B6="","",IFERROR(IF(D6="",0,VALUE(LEFT(D6,1)))+IF(E6="",0,VALUE(LEFT(E6,1)))+IF(F6="",0,VALUE(LEFT(F6,1)))+IF(G6="",0,VALUE(LEFT(G6,1))),0)) | I6: =IF(B6="","",IF(H6<=2,"🟢 VERDE",IF(H6<=5,"🟡 AMARILLO","🔴 ROJO")))
A7: =IF(B7<>"",ROW()-4,"") | H7: =IF(B7="","",IFERROR(IF(D7="",0,VALUE(LEFT(D7,1)))+IF(E7="",0,VALUE(LEFT(E7,1)))+IF(F7="",0,VALUE(LEFT(F7,1)))+IF(G7="",0,VALUE(LEFT(G7,1))),0)) | I7: =IF(B7="","",IF(H7<=2,"🟢 VERDE",IF(H7<=5,"🟡 AMARILLO","🔴 ROJO")))
A8: =IF(B8<>"",ROW()-4,"") | H8: =IF(B8="","",IFERROR(IF(D8="",0,VALUE(LEFT(D8,1)))+IF(E8="",0,VALUE(LEFT(E8,1)))+IF(F8="",0,VALUE(LEFT(F8,1)))+IF(G8="",0,VALUE(LEFT(G8,1))),0)) | I8: =IF(B8="","",IF(H8<=2,"🟢 VERDE",IF(H8<=5,"🟡 AMARILLO","🔴 ROJO")))
A9: =IF(B9<>"",ROW()-4,"") | H9: =IF(B9="","",IFERROR(IF(D9="",0,VALUE(LEFT(D9,1)))+IF(E9="",0,VALUE(LEFT(E9,1)))+IF(F9="",0,VALUE(LEFT(F9,1)))+IF(G9="",0,VALUE(LEFT(G9,1))),0)) | I9: =IF(B9="","",IF(H9<=2,"🟢 VERDE",IF(H9<=5,"🟡 AMARILLO","🔴 ROJO")))
A10: =IF(B10<>"",ROW()-4,"") | H10: =IF(B10="","",IFERROR(IF(D10="",0,VALUE(LEFT(D10,1)))+IF(E10="",0,VALUE(LEFT(E10,1)))+IF(F10="",0,VALUE(LEFT(F10,1)))+IF(G10="",0,VALUE(LEFT(G10,1))),0)) | I10: =IF(B10="","",IF(H10<=2,"🟢 VERDE",IF(H10<=5,"🟡 AMARILLO","🔴 ROJO")))
A11: =IF(B11<>"",ROW()-4,"") | H11: =IF(B11="","",IFERROR(IF(D11="",0,VALUE(LEFT(D11,1)))+IF(E11="",0,VALUE(LEFT(E11,1)))+IF(F11="",0,VALUE(LEFT(F11,1)))+IF(G11="",0,VALUE(LEFT(G11,1))),0)) | I11: =IF(B11="","",IF(H11<=2,"🟢 VERDE",IF(H11<=5,"🟡 AMARILLO","🔴 ROJO")))
A12: =IF(B12<>"",ROW()-4,"") | H12: =IF(B12="","",IFERROR(IF(D12="",0,VALUE(LEFT(D12,1)))+IF(E12="",0,VALUE(LEFT(E12,1)))+IF(F12="",0,VALUE(LEFT(F12,1)))+IF(G12="",0,VALUE(LEFT(G12,1))),0)) | I12: =IF(B12="","",IF(H12<=2,"🟢 VERDE",IF(H12<=5,"🟡 AMARILLO","🔴 ROJO")))
A13: =IF(B13<>"",ROW()-4,"") | H13: =IF(B13="","",IFERROR(IF(D13="",0,VALUE(LEFT(D13,1)))+IF(E13="",0,VALUE(LEFT(E13,1)))+IF(F13="",0,VALUE(LEFT(F13,1)))+IF(G13="",0,VALUE(LEFT(G13,1))),0)) | I13: =IF(B13="","",IF(H13<=2,"🟢 VERDE",IF(H13<=5,"🟡 AMARILLO","🔴 ROJO")))
A14: =IF(B14<>"",ROW()-4,"") | H14: =IF(B14="","",IFERROR(IF(D14="",0,VALUE(LEFT(D14,1)))+IF(E14="",0,VALUE(LEFT(E14,1)))+IF(F14="",0,VALUE(LEFT(F14,1)))+IF(G14="",0,VALUE(LEFT(G14,1))),0)) | I14: =IF(B14="","",IF(H14<=2,"🟢 VERDE",IF(H14<=5,"🟡 AMARILLO","🔴 ROJO")))
A15: =IF(B15<>"",ROW()-4,"") | H15: =IF(B15="","",IFERROR(IF(D15="",0,VALUE(LEFT(D15,1)))+IF(E15="",0,VALUE(LEFT(E15,1)))+IF(F15="",0,VALUE(LEFT(F15,1)))+IF(G15="",0,VALUE(LEFT(G15,1))),0)) | I15: =IF(B15="","",IF(H15<=2,"🟢 VERDE",IF(H15<=5,"🟡 AMARILLO","🔴 ROJO")))
A16: =IF(B16<>"",ROW()-4,"") | H16: =IF(B16="","",IFERROR(IF(D16="",0,VALUE(LEFT(D16,1)))+IF(E16="",0,VALUE(LEFT(E16,1)))+IF(F16="",0,VALUE(LEFT(F16,1)))+IF(G16="",0,VALUE(LEFT(G16,1))),0)) | I16: =IF(B16="","",IF(H16<=2,"🟢 VERDE",IF(H16<=5,"🟡 AMARILLO","🔴 ROJO")))
... A54: =IF(B54<>"",ROW()-4,"") | H54: =IF(B54="","",IFERROR(IF(D54="",0,VALUE(LEFT(D54,1)))+IF(E54="",0,VALUE(LEFT(E54,1)))+IF(F54="",0,VALUE(LEFT(F54,1)))+IF(G54="",0,VALUE(LEFT(G54,1))),0)) | I54: =IF(B54="","",IF(H54<=2,"🟢 VERDE",IF(H54<=5,"🟡 AMARILLO","🔴 ROJO")))
A55: TOTALES CURSO 7A | D55: =COUNTIF(D5:D54,"<>"&"") | E55: =COUNTIF(E5:E54,"<>"&"") | F55: =COUNTIF(F5:F54,"<>"&"") | G55: =COUNTIF(G5:G54,"<>"&"") | H55: =COUNTA(B5:B54) | I55: =COUNTIF(I5:I54,"🔴 ROJO")&" 🔴 "&COUNTIF(I5:I54,"🟡 AMARILLO")&" 🟡 "&COUNTIF(I5:I54,"🟢 VERDE")&" 🟢" | J55: ← Conteo: Rojo · Amarillo · Verde

Sheet 7B
A1: CURSO 7B — Registro de Seguimiento de Estudiantes
A2: PUNTAJES: 0 = Sin alerta / Regular 1 = Alerta leve 2 = Alerta moderada / Reiterada 3 = Alto riesgo │ SEMÁFORO: Verde 0-2 · Amarillo 3-5 · Rojo 6-12
D3: PUNTAJES POR ÁMBITO (seleccionar del menú desplegable) | H3: RESULTADO
A4: N° | B4: NOMBRE ESTUDIANTE | C4: MENTOR RESPONSABLE | D4: TRAYECTORIA EDUCATIVA | E4: ÁMBITO ACADÉMICO | F4: ÁMBITO CONDUCTUAL | G4: ÁMBITO SOCIOEMOCIONAL | H4: TOTAL | I4: SEMÁFORO | J4: OBSERVACIONES / NOTAS
A5: =IF(B5<>"",ROW()-4,"") | H5: =IF(B5="","",IFERROR(IF(D5="",0,VALUE(LEFT(D5,1)))+IF(E5="",0,VALUE(LEFT(E5,1)))+IF(F5="",0,VALUE(LEFT(F5,1)))+IF(G5="",0,VALUE(LEFT(G5,1))),0)) | I5: =IF(B5="","",IF(H5<=2,"🟢 VERDE",IF(H5<=5,"🟡 AMARILLO","🔴 ROJO")))
A6: =IF(B6<>"",ROW()-4,"") | H6: =IF(B6="","",IFERROR(IF(D6="",0,VALUE(LEFT(D6,1)))+IF(E6="",0,VALUE(LEFT(E6,1)))+IF(F6="",0,VALUE(LEFT(F6,1)))+IF(G6="",0,VALUE(LEFT(G6,1))),0)) | I6: =IF(B6="","",IF(H6<=2,"🟢 VERDE",IF(H6<=5,"🟡 AMARILLO","🔴 ROJO")))
A7: =IF(B7<>"",ROW()-4,"") | H7: =IF(B7="","",IFERROR(IF(D7="",0,VALUE(LEFT(D7,1)))+IF(E7="",0,VALUE(LEFT(E7,1)))+IF(F7="",0,VALUE(LEFT(F7,1)))+IF(G7="",0,VALUE(LEFT(G7,1))),0)) | I7: =IF(B7="","",IF(H7<=2,"🟢 VERDE",IF(H7<=5,"🟡 AMARILLO","🔴 ROJO")))
A8: =IF(B8<>"",ROW()-4,"") | H8: =IF(B8="","",IFERROR(IF(D8="",0,VALUE(LEFT(D8,1)))+IF(E8="",0,VALUE(LEFT(E8,1)))+IF(F8="",0,VALUE(LEFT(F8,1)))+IF(G8="",0,VALUE(LEFT(G8,1))),0)) | I8: =IF(B8="","",IF(H8<=2,"🟢 VERDE",IF(H8<=5,"🟡 AMARILLO","🔴 ROJO")))
A9: =IF(B9<>"",ROW()-4,"") | H9: =IF(B9="","",IFERROR(IF(D9="",0,VALUE(LEFT(D9,1)))+IF(E9="",0,VALUE(LEFT(E9,1)))+IF(F9="",0,VALUE(LEFT(F9,1)))+IF(G9="",0,VALUE(LEFT(G9,1))),0)) | I9: =IF(B9="","",IF(H9<=2,"🟢 VERDE",IF(H9<=5,"🟡 AMARILLO","🔴 ROJO")))
A10: =IF(B10<>"",ROW()-4,"") | H10: =IF(B10="","",IFERROR(IF(D10="",0,VALUE(LEFT(D10,1)))+IF(E10="",0,VALUE(LEFT(E10,1)))+IF(F10="",0,VALUE(LEFT(F10,1)))+IF(G10="",0,VALUE(LEFT(G10,1))),0)) | I10: =IF(B10="","",IF(H10<=2,"🟢 VERDE",IF(H10<=5,"🟡 AMARILLO","🔴 ROJO")))
A11: =IF(B11<>"",ROW()-4,"") | H11: =IF(B11="","",IFERROR(IF(D11="",0,VALUE(LEFT(D11,1)))+IF(E11="",0,VALUE(LEFT(E11,1)))+IF(F11="",0,VALUE(LEFT(F11,1)))+IF(G11="",0,VALUE(LEFT(G11,1))),0)) | I11: =IF(B11="","",IF(H11<=2,"🟢 VERDE",IF(H11<=5,"🟡 AMARILLO","🔴 ROJO")))
A12: =IF(B12<>"",ROW()-4,"") | H12: =IF(B12="","",IFERROR(IF(D12="",0,VALUE(LEFT(D12,1)))+IF(E12="",0,VALUE(LEFT(E12,1)))+IF(F12="",0,VALUE(LEFT(F12,1)))+IF(G12="",0,VALUE(LEFT(G12,1))),0)) | I12: =IF(B12="","",IF(H12<=2,"🟢 VERDE",IF(H12<=5,"🟡 AMARILLO","🔴 ROJO")))
A13: =IF(B13<>"",ROW()-4,"") | H13: =IF(B13="","",IFERROR(IF(D13="",0,VALUE(LEFT(D13,1)))+IF(E13="",0,VALUE(LEFT(E13,1)))+IF(F13="",0,VALUE(LEFT(F13,1)))+IF(G13="",0,VALUE(LEFT(G13,1))),0)) | I13: =IF(B13="","",IF(H13<=2,"🟢 VERDE",IF(H13<=5,"🟡 AMARILLO","🔴 ROJO")))
A14: =IF(B14<>"",ROW()-4,"") | H14: =IF(B14="","",IFERROR(IF(D14="",0,VALUE(LEFT(D14,1)))+IF(E14="",0,VALUE(LEFT(E14,1)))+IF(F14="",0,VALUE(LEFT(F14,1)))+IF(G14="",0,VALUE(LEFT(G14,1))),0)) | I14: =IF(B14="","",IF(H14<=2,"🟢 VERDE",IF(H14<=5,"🟡 AMARILLO","🔴 ROJO")))
A15: =IF(B15<>"",ROW()-4,"") | H15: =IF(B15="","",IFERROR(IF(D15="",0,VALUE(LEFT(D15,1)))+IF(E15="",0,VALUE(LEFT(E15,1)))+IF(F15="",0,VALUE(LEFT(F15,1)))+IF(G15="",0,VALUE(LEFT(G15,1))),0)) | I15: =IF(B15="","",IF(H15<=2,"🟢 VERDE",IF(H15<=5,"🟡 AMARILLO","🔴 ROJO")))
A16: =IF(B16<>"",ROW()-4,"") | H16: =IF(B16="","",IFERROR(IF(D16="",0,VALUE(LEFT(D16,1)))+IF(E16="",0,VALUE(LEFT(E16,1)))+IF(F16="",0,VALUE(LEFT(F16,1)))+IF(G16="",0,VALUE(LEFT(G16,1))),0)) | I16: =IF(B16="","",IF(H16<=2,"🟢 VERDE",IF(H16<=5,"🟡 AMARILLO","🔴 ROJO")))
... A54: =IF(B54<>"",ROW()-4,"") | H54: =IF(B54="","",IFERROR(IF(D54="",0,VALUE(LEFT(D54,1)))+IF(E54="",0,VALUE(LEFT(E54,1)))+IF(F54="",0,VALUE(LEFT(F54,1)))+IF(G54="",0,VALUE(LEFT(G54,1))),0)) | I54: =IF(B54="","",IF(H54<=2,"🟢 VERDE",IF(H54<=5,"🟡 AMARILLO","🔴 ROJO")))
A55: TOTALES CURSO 7B | D55: =COUNTIF(D5:D54,"<>"&"") | E55: =COUNTIF(E5:E54,"<>"&"") | F55: =COUNTIF(F5:F54,"<>"&"") | G55: =COUNTIF(G5:G54,"<>"&"") | H55: =COUNTA(B5:B54) | I55: =COUNTIF(I5:I54,"🔴 ROJO")&" 🔴 "&COUNTIF(I5:I54,"🟡 AMARILLO")&" 🟡 "&COUNTIF(I5:I54,"🟢 VERDE")&" 🟢" | J55: ← Conteo: Rojo · Amarillo · Verde

Sheet 7C
A1: CURSO 7C — Registro de Seguimiento de Estudiantes
A2: PUNTAJES: 0 = Sin alerta / Regular 1 = Alerta leve 2 = Alerta moderada / Reiterada 3 = Alto riesgo │ SEMÁFORO: Verde 0-2 · Amarillo 3-5 · Rojo 6-12
D3: PUNTAJES POR ÁMBITO (seleccionar del menú desplegable) | H3: RESULTADO
A4: N° | B4: NOMBRE ESTUDIANTE | C4: MENTOR RESPONSABLE | D4: TRAYECTORIA EDUCATIVA | E4: ÁMBITO ACADÉMICO | F4: ÁMBITO CONDUCTUAL | G4: ÁMBITO SOCIOEMOCIONAL | H4: TOTAL | I4: SEMÁFORO | J4: OBSERVACIONES / NOTAS
A5: =IF(B5<>"",ROW()-4,"") | H5: =IF(B5="","",IFERROR(IF(D5="",0,VALUE(LEFT(D5,1)))+IF(E5="",0,VALUE(LEFT(E5,1)))+IF(F5="",0,VALUE(LEFT(F5,1)))+IF(G5="",0,VALUE(LEFT(G5,1))),0)) | I5: =IF(B5="","",IF(H5<=2,"🟢 VERDE",IF(H5<=5,"🟡 AMARILLO","🔴 ROJO")))
A6: =IF(B6<>"",ROW()-4,"") | H6: =IF(B6="","",IFERROR(IF(D6="",0,VALUE(LEFT(D6,1)))+IF(E6="",0,VALUE(LEFT(E6,1)))+IF(F6="",0,VALUE(LEFT(F6,1)))+IF(G6="",0,VALUE(LEFT(G6,1))),0)) | I6: =IF(B6="","",IF(H6<=2,"🟢 VERDE",IF(H6<=5,"🟡 AMARILLO","🔴 ROJO")))
A7: =IF(B7<>"",ROW()-4,"") | H7: =IF(B7="","",IFERROR(IF(D7="",0,VALUE(LEFT(D7,1)))+IF(E7="",0,VALUE(LEFT(E7,1)))+IF(F7="",0,VALUE(LEFT(F7,1)))+IF(G7="",0,VALUE(LEFT(G7,1))),0)) | I7: =IF(B7="","",IF(H7<=2,"🟢 VERDE",IF(H7<=5,"🟡 AMARILLO","🔴 ROJO")))
A8: =IF(B8<>"",ROW()-4,"") | H8: =IF(B8="","",IFERROR(IF(D8="",0,VALUE(LEFT(D8,1)))+IF(E8="",0,VALUE(LEFT(E8,1)))+IF(F8="",0,VALUE(LEFT(F8,1)))+IF(G8="",0,VALUE(LEFT(G8,1))),0)) | I8: =IF(B8="","",IF(H8<=2,"🟢 VERDE",IF(H8<=5,"🟡 AMARILLO","🔴 ROJO")))
A9: =IF(B9<>"",ROW()-4,"") | H9: =IF(B9="","",IFERROR(IF(D9="",0,VALUE(LEFT(D9,1)))+IF(E9="",0,VALUE(LEFT(E9,1)))+IF(F9="",0,VALUE(LEFT(F9,1)))+IF(G9="",0,VALUE(LEFT(G9,1))),0)) | I9: =IF(B9="","",IF(H9<=2,"🟢 VERDE",IF(H9<=5,"🟡 AMARILLO","🔴 ROJO")))
A10: =IF(B10<>"",ROW()-4,"") | H10: =IF(B10="","",IFERROR(IF(D10="",0,VALUE(LEFT(D10,1)))+IF(E10="",0,VALUE(LEFT(E10,1)))+IF(F10="",0,VALUE(LEFT(F10,1)))+IF(G10="",0,VALUE(LEFT(G10,1))),0)) | I10: =IF(B10="","",IF(H10<=2,"🟢 VERDE",IF(H10<=5,"🟡 AMARILLO","🔴 ROJO")))
A11: =IF(B11<>"",ROW()-4,"") | H11: =IF(B11="","",IFERROR(IF(D11="",0,VALUE(LEFT(D11,1)))+IF(E11="",0,VALUE(LEFT(E11,1)))+IF(F11="",0,VALUE(LEFT(F11,1)))+IF(G11="",0,VALUE(LEFT(G11,1))),0)) | I11: =IF(B11="","",IF(H11<=2,"🟢 VERDE",IF(H11<=5,"🟡 AMARILLO","🔴 ROJO")))
A12: =IF(B12<>"",ROW()-4,"") | H12: =IF(B12="","",IFERROR(IF(D12="",0,VALUE(LEFT(D12,1)))+IF(E12="",0,VALUE(LEFT(E12,1)))+IF(F12="",0,VALUE(LEFT(F12,1)))+IF(G12="",0,VALUE(LEFT(G12,1))),0)) | I12: =IF(B12="","",IF(H12<=2,"🟢 VERDE",IF(H12<=5,"🟡 AMARILLO","🔴 ROJO")))
A13: =IF(B13<>"",ROW()-4,"") | H13: =IF(B13="","",IFERROR(IF(D13="",0,VALUE(LEFT(D13,1)))+IF(E13="",0,VALUE(LEFT(E13,1)))+IF(F13="",0,VALUE(LEFT(F13,1)))+IF(G13="",0,VALUE(LEFT(G13,1))),0)) | I13: =IF(B13="","",IF(H13<=2,"🟢 VERDE",IF(H13<=5,"🟡 AMARILLO","🔴 ROJO")))
A14: =IF(B14<>"",ROW()-4,"") | H14: =IF(B14="","",IFERROR(IF(D14="",0,VALUE(LEFT(D14,1)))+IF(E14="",0,VALUE(LEFT(E14,1)))+IF(F14="",0,VALUE(LEFT(F14,1)))+IF(G14="",0,VALUE(LEFT(G14,1))),0)) | I14: =IF(B14="","",IF(H14<=2,"🟢 VERDE",IF(H14<=5,"🟡 AMARILLO","🔴 ROJO")))
A15: =IF(B15<>"",ROW()-4,"") | H15: =IF(B15="","",IFERROR(IF(D15="",0,VALUE(LEFT(D15,1)))+IF(E15="",0,VALUE(LEFT(E15,1)))+IF(F15="",0,VALUE(LEFT(F15,1)))+IF(G15="",0,VALUE(LEFT(G15,1))),0)) | I15: =IF(B15="","",IF(H15<=2,"🟢 VERDE",IF(H15<=5,"🟡 AMARILLO","🔴 ROJO")))
A16: =IF(B16<>"",ROW()-4,"") | H16: =IF(B16="","",IFERROR(IF(D16="",0,VALUE(LEFT(D16,1)))+IF(E16="",0,VALUE(LEFT(E16,1)))+IF(F16="",0,VALUE(LEFT(F16,1)))+IF(G16="",0,VALUE(LEFT(G16,1))),0)) | I16: =IF(B16="","",IF(H16<=2,"🟢 VERDE",IF(H16<=5,"🟡 AMARILLO","🔴 ROJO")))
... A54: =IF(B54<>"",ROW()-4,"") | H54: =IF(B54="","",IFERROR(IF(D54="",0,VALUE(LEFT(D54,1)))+IF(E54="",0,VALUE(LEFT(E54,1)))+IF(F54="",0,VALUE(LEFT(F54,1)))+IF(G54="",0,VALUE(LEFT(G54,1))),0)) | I54: =IF(B54="","",IF(H54<=2,"🟢 VERDE",IF(H54<=5,"🟡 AMARILLO","🔴 ROJO")))
A55: TOTALES CURSO 7C | D55: =COUNTIF(D5:D54,"<>"&"") | E55: =COUNTIF(E5:E54,"<>"&"") | F55: =COUNTIF(F5:F54,"<>"&"") | G55: =COUNTIF(G5:G54,"<>"&"") | H55: =COUNTA(B5:B54) | I55: =COUNTIF(I5:I54,"🔴 ROJO")&" 🔴 "&COUNTIF(I5:I54,"🟡 AMARILLO")&" 🟡 "&COUNTIF(I5:I54,"🟢 VERDE")&" 🟢" | J55: ← Conteo: Rojo · Amarillo · Verde

Sheet 8A
A1: CURSO 8A — Registro de Seguimiento de Estudiantes
A2: PUNTAJES: 0 = Sin alerta / Regular 1 = Alerta leve 2 = Alerta moderada / Reiterada 3 = Alto riesgo │ SEMÁFORO: Verde 0-2 · Amarillo 3-5 · Rojo 6-12
D3: PUNTAJES POR ÁMBITO (seleccionar del menú desplegable) | H3: RESULTADO
A4: N° | B4: NOMBRE ESTUDIANTE | C4: MENTOR RESPONSABLE | D4: TRAYECTORIA EDUCATIVA | E4: ÁMBITO ACADÉMICO | F4: ÁMBITO CONDUCTUAL | G4: ÁMBITO SOCIOEMOCIONAL | H4: TOTAL | I4: SEMÁFORO | J4: OBSERVACIONES / NOTAS
A5: =IF(B5<>"",ROW()-4,"") | H5: =IF(B5="","",IFERROR(IF(D5="",0,VALUE(LEFT(D5,1)))+IF(E5="",0,VALUE(LEFT(E5,1)))+IF(F5="",0,VALUE(LEFT(F5,1)))+IF(G5="",0,VALUE(LEFT(G5,1))),0)) | I5: =IF(B5="","",IF(H5<=2,"🟢 VERDE",IF(H5<=5,"🟡 AMARILLO","🔴 ROJO")))
A6: =IF(B6<>"",ROW()-4,"") | H6: =IF(B6="","",IFERROR(IF(D6="",0,VALUE(LEFT(D6,1)))+IF(E6="",0,VALUE(LEFT(E6,1)))+IF(F6="",0,VALUE(LEFT(F6,1)))+IF(G6="",0,VALUE(LEFT(G6,1))),0)) | I6: =IF(B6="","",IF(H6<=2,"🟢 VERDE",IF(H6<=5,"🟡 AMARILLO","🔴 ROJO")))
A7: =IF(B7<>"",ROW()-4,"") | H7: =IF(B7="","",IFERROR(IF(D7="",0,VALUE(LEFT(D7,1)))+IF(E7="",0,VALUE(LEFT(E7,1)))+IF(F7="",0,VALUE(LEFT(F7,1)))+IF(G7="",0,VALUE(LEFT(G7,1))),0)) | I7: =IF(B7="","",IF(H7<=2,"🟢 VERDE",IF(H7<=5,"🟡 AMARILLO","🔴 ROJO")))
A8: =IF(B8<>"",ROW()-4,"") | H8: =IF(B8="","",IFERROR(IF(D8="",0,VALUE(LEFT(D8,1)))+IF(E8="",0,VALUE(LEFT(E8,1)))+IF(F8="",0,VALUE(LEFT(F8,1)))+IF(G8="",0,VALUE(LEFT(G8,1))),0)) | I8: =IF(B8="","",IF(H8<=2,"🟢 VERDE",IF(H8<=5,"🟡 AMARILLO","🔴 ROJO")))
A9: =IF(B9<>"",ROW()-4,"") | H9: =IF(B9="","",IFERROR(IF(D9="",0,VALUE(LEFT(D9,1)))+IF(E9="",0,VALUE(LEFT(E9,1)))+IF(F9="",0,VALUE(LEFT(F9,1)))+IF(G9="",0,VALUE(LEFT(G9,1))),0)) | I9: =IF(B9="","",IF(H9<=2,"🟢 VERDE",IF(H9<=5,"🟡 AMARILLO","🔴 ROJO")))
A10: =IF(B10<>"",ROW()-4,"") | H10: =IF(B10="","",IFERROR(IF(D10="",0,VALUE(LEFT(D10,1)))+IF(E10="",0,VALUE(LEFT(E10,1)))+IF(F10="",0,VALUE(LEFT(F10,1)))+IF(G10="",0,VALUE(LEFT(G10,1))),0)) | I10: =IF(B10="","",IF(H10<=2,"🟢 VERDE",IF(H10<=5,"🟡 AMARILLO","🔴 ROJO")))
A11: =IF(B11<>"",ROW()-4,"") | H11: =IF(B11="","",IFERROR(IF(D11="",0,VALUE(LEFT(D11,1)))+IF(E11="",0,VALUE(LEFT(E11,1)))+IF(F11="",0,VALUE(LEFT(F11,1)))+IF(G11="",0,VALUE(LEFT(G11,1))),0)) | I11: =IF(B11="","",IF(H11<=2,"🟢 VERDE",IF(H11<=5,"🟡 AMARILLO","🔴 ROJO")))
A12: =IF(B12<>"",ROW()-4,"") | H12: =IF(B12="","",IFERROR(IF(D12="",0,VALUE(LEFT(D12,1)))+IF(E12="",0,VALUE(LEFT(E12,1)))+IF(F12="",0,VALUE(LEFT(F12,1)))+IF(G12="",0,VALUE(LEFT(G12,1))),0)) | I12: =IF(B12="","",IF(H12<=2,"🟢 VERDE",IF(H12<=5,"🟡 AMARILLO","🔴 ROJO")))
A13: =IF(B13<>"",ROW()-4,"") | H13: =IF(B13="","",IFERROR(IF(D13="",0,VALUE(LEFT(D13,1)))+IF(E13="",0,VALUE(LEFT(E13,1)))+IF(F13="",0,VALUE(LEFT(F13,1)))+IF(G13="",0,VALUE(LEFT(G13,1))),0)) | I13: =IF(B13="","",IF(H13<=2,"🟢 VERDE",IF(H13<=5,"🟡 AMARILLO","🔴 ROJO")))
A14: =IF(B14<>"",ROW()-4,"") | H14: =IF(B14="","",IFERROR(IF(D14="",0,VALUE(LEFT(D14,1)))+IF(E14="",0,VALUE(LEFT(E14,1)))+IF(F14="",0,VALUE(LEFT(F14,1)))+IF(G14="",0,VALUE(LEFT(G14,1))),0)) | I14: =IF(B14="","",IF(H14<=2,"🟢 VERDE",IF(H14<=5,"🟡 AMARILLO","🔴 ROJO")))
A15: =IF(B15<>"",ROW()-4,"") | H15: =IF(B15="","",IFERROR(IF(D15="",0,VALUE(LEFT(D15,1)))+IF(E15="",0,VALUE(LEFT(E15,1)))+IF(F15="",0,VALUE(LEFT(F15,1)))+IF(G15="",0,VALUE(LEFT(G15,1))),0)) | I15: =IF(B15="","",IF(H15<=2,"🟢 VERDE",IF(H15<=5,"🟡 AMARILLO","🔴 ROJO")))
A16: =IF(B16<>"",ROW()-4,"") | H16: =IF(B16="","",IFERROR(IF(D16="",0,VALUE(LEFT(D16,1)))+IF(E16="",0,VALUE(LEFT(E16,1)))+IF(F16="",0,VALUE(LEFT(F16,1)))+IF(G16="",0,VALUE(LEFT(G16,1))),0)) | I16: =IF(B16="","",IF(H16<=2,"🟢 VERDE",IF(H16<=5,"🟡 AMARILLO","🔴 ROJO")))
... A54: =IF(B54<>"",ROW()-4,"") | H54: =IF(B54="","",IFERROR(IF(D54="",0,VALUE(LEFT(D54,1)))+IF(E54="",0,VALUE(LEFT(E54,1)))+IF(F54="",0,VALUE(LEFT(F54,1)))+IF(G54="",0,VALUE(LEFT(G54,1))),0)) | I54: =IF(B54="","",IF(H54<=2,"🟢 VERDE",IF(H54<=5,"🟡 AMARILLO","🔴 ROJO")))
A55: TOTALES CURSO 8A | D55: =COUNTIF(D5:D54,"<>"&"") | E55: =COUNTIF(E5:E54,"<>"&"") | F55: =COUNTIF(F5:F54,"<>"&"") | G55: =COUNTIF(G5:G54,"<>"&"") | H55: =COUNTA(B5:B54) | I55: =COUNTIF(I5:I54,"🔴 ROJO")&" 🔴 "&COUNTIF(I5:I54,"🟡 AMARILLO")&" 🟡 "&COUNTIF(I5:I54,"🟢 VERDE")&" 🟢" | J55: ← Conteo: Rojo · Amarillo · Verde

Sheet 8B
A1: CURSO 8B — Registro de Seguimiento de Estudiantes
A2: PUNTAJES: 0 = Sin alerta / Regular 1 = Alerta leve 2 = Alerta moderada / Reiterada 3 = Alto riesgo │ SEMÁFORO: Verde 0-2 · Amarillo 3-5 · Rojo 6-12
D3: PUNTAJES POR ÁMBITO (seleccionar del menú desplegable) | H3: RESULTADO
A4: N° | B4: NOMBRE ESTUDIANTE | C4: MENTOR RESPONSABLE | D4: TRAYECTORIA EDUCATIVA | E4: ÁMBITO ACADÉMICO | F4: ÁMBITO CONDUCTUAL | G4: ÁMBITO SOCIOEMOCIONAL | H4: TOTAL | I4: SEMÁFORO | J4: OBSERVACIONES / NOTAS
A5: =IF(B5<>"",ROW()-4,"") | H5: =IF(B5="","",IFERROR(IF(D5="",0,VALUE(LEFT(D5,1)))+IF(E5="",0,VALUE(LEFT(E5,1)))+IF(F5="",0,VALUE(LEFT(F5,1)))+IF(G5="",0,VALUE(LEFT(G5,1))),0)) | I5: =IF(B5="","",IF(H5<=2,"🟢 VERDE",IF(H5<=5,"🟡 AMARILLO","🔴 ROJO")))
A6: =IF(B6<>"",ROW()-4,"") | H6: =IF(B6="","",IFERROR(IF(D6="",0,VALUE(LEFT(D6,1)))+IF(E6="",0,VALUE(LEFT(E6,1)))+IF(F6="",0,VALUE(LEFT(F6,1)))+IF(G6="",0,VALUE(LEFT(G6,1))),0)) | I6: =IF(B6="","",IF(H6<=2,"🟢 VERDE",IF(H6<=5,"🟡 AMARILLO","🔴 ROJO")))
A7: =IF(B7<>"",ROW()-4,"") | H7: =IF(B7="","",IFERROR(IF(D7="",0,VALUE(LEFT(D7,1)))+IF(E7="",0,VALUE(LEFT(E7,1)))+IF(F7="",0,VALUE(LEFT(F7,1)))+IF(G7="",0,VALUE(LEFT(G7,1))),0)) | I7: =IF(B7="","",IF(H7<=2,"🟢 VERDE",IF(H7<=5,"🟡 AMARILLO","🔴 ROJO")))
A8: =IF(B8<>"",ROW()-4,"") | H8: =IF(B8="","",IFERROR(IF(D8="",0,VALUE(LEFT(D8,1)))+IF(E8="",0,VALUE(LEFT(E8,1)))+IF(F8="",0,VALUE(LEFT(F8,1)))+IF(G8="",0,VALUE(LEFT(G8,1))),0)) | I8: =IF(B8="","",IF(H8<=2,"🟢 VERDE",IF(H8<=5,"🟡 AMARILLO","🔴 ROJO")))
A9: =IF(B9<>"",ROW()-4,"") | H9: =IF(B9="","",IFERROR(IF(D9="",0,VALUE(LEFT(D9,1)))+IF(E9="",0,VALUE(LEFT(E9,1)))+IF(F9="",0,VALUE(LEFT(F9,1)))+IF(G9="",0,VALUE(LEFT(G9,1))),0)) | I9: =IF(B9="","",IF(H9<=2,"🟢 VERDE",IF(H9<=5,"🟡 AMARILLO","🔴 ROJO")))
A10: =IF(B10<>"",ROW()-4,"") | H10: =IF(B10="","",IFERROR(IF(D10="",0,VALUE(LEFT(D10,1)))+IF(E10="",0,VALUE(LEFT(E10,1)))+IF(F10="",0,VALUE(LEFT(F10,1)))+IF(G10="",0,VALUE(LEFT(G10,1))),0)) | I10: =IF(B10="","",IF(H10<=2,"🟢 VERDE",IF(H10<=5,"🟡 AMARILLO","🔴 ROJO")))
A11: =IF(B11<>"",ROW()-4,"") | H11: =IF(B11="","",IFERROR(IF(D11="",0,VALUE(LEFT(D11,1)))+IF(E11="",0,VALUE(LEFT(E11,1)))+IF(F11="",0,VALUE(LEFT(F11,1)))+IF(G11="",0,VALUE(LEFT(G11,1))),0)) | I11: =IF(B11="","",IF(H11<=2,"🟢 VERDE",IF(H11<=5,"🟡 AMARILLO","🔴 ROJO")))
A12: =IF(B12<>"",ROW()-4,"") | H12: =IF(B12="","",IFERROR(IF(D12="",0,VALUE(LEFT(D12,1)))+IF(E12="",0,VALUE(LEFT(E12,1)))+IF(F12="",0,VALUE(LEFT(F12,1)))+IF(G12="",0,VALUE(LEFT(G12,1))),0)) | I12: =IF(B12="","",IF(H12<=2,"🟢 VERDE",IF(H12<=5,"🟡 AMARILLO","🔴 ROJO")))
A13: =IF(B13<>"",ROW()-4,"") | H13: =IF(B13="","",IFERROR(IF(D13="",0,VALUE(LEFT(D13,1)))+IF(E13="",0,VALUE(LEFT(E13,1)))+IF(F13="",0,VALUE(LEFT(F13,1)))+IF(G13="",0,VALUE(LEFT(G13,1))),0)) | I13: =IF(B13="","",IF(H13<=2,"🟢 VERDE",IF(H13<=5,"🟡 AMARILLO","🔴 ROJO")))
A14: =IF(B14<>"",ROW()-4,"") | H14: =IF(B14="","",IFERROR(IF(D14="",0,VALUE(LEFT(D14,1)))+IF(E14="",0,VALUE(LEFT(E14,1)))+IF(F14="",0,VALUE(LEFT(F14,1)))+IF(G14="",0,VALUE(LEFT(G14,1))),0)) | I14: =IF(B14="","",IF(H14<=2,"🟢 VERDE",IF(H14<=5,"🟡 AMARILLO","🔴 ROJO")))
A15: =IF(B15<>"",ROW()-4,"") | H15: =IF(B15="","",IFERROR(IF(D15="",0,VALUE(LEFT(D15,1)))+IF(E15="",0,VALUE(LEFT(E15,1)))+IF(F15="",0,VALUE(LEFT(F15,1)))+IF(G15="",0,VALUE(LEFT(G15,1))),0)) | I15: =IF(B15="","",IF(H15<=2,"🟢 VERDE",IF(H15<=5,"🟡 AMARILLO","🔴 ROJO")))
A16: =IF(B16<>"",ROW()-4,"") | H16: =IF(B16="","",IFERROR(IF(D16="",0,VALUE(LEFT(D16,1)))+IF(E16="",0,VALUE(LEFT(E16,1)))+IF(F16="",0,VALUE(LEFT(F16,1)))+IF(G16="",0,VALUE(LEFT(G16,1))),0)) | I16: =IF(B16="","",IF(H16<=2,"🟢 VERDE",IF(H16<=5,"🟡 AMARILLO","🔴 ROJO")))
... A54: =IF(B54<>"",ROW()-4,"") | H54: =IF(B54="","",IFERROR(IF(D54="",0,VALUE(LEFT(D54,1)))+IF(E54="",0,VALUE(LEFT(E54,1)))+IF(F54="",0,VALUE(LEFT(F54,1)))+IF(G54="",0,VALUE(LEFT(G54,1))),0)) | I54: =IF(B54="","",IF(H54<=2,"🟢 VERDE",IF(H54<=5,"🟡 AMARILLO","🔴 ROJO")))
A55: TOTALES CURSO 8B | D55: =COUNTIF(D5:D54,"<>"&"") | E55: =COUNTIF(E5:E54,"<>"&"") | F55: =COUNTIF(F5:F54,"<>"&"") | G55: =COUNTIF(G5:G54,"<>"&"") | H55: =COUNTA(B5:B54) | I55: =COUNTIF(I5:I54,"🔴 ROJO")&" 🔴 "&COUNTIF(I5:I54,"🟡 AMARILLO")&" 🟡 "&COUNTIF(I5:I54,"🟢 VERDE")&" 🟢" | J55: ← Conteo: Rojo · Amarillo · Verde

Sheet 8C
A1: CURSO 8C — Registro de Seguimiento de Estudiantes
A2: PUNTAJES: 0 = Sin alerta / Regular 1 = Alerta leve 2 = Alerta moderada / Reiterada 3 = Alto riesgo │ SEMÁFORO: Verde 0-2 · Amarillo 3-5 · Rojo 6-12
D3: PUNTAJES POR ÁMBITO (seleccionar del menú desplegable) | H3: RESULTADO
A4: N° | B4: NOMBRE ESTUDIANTE | C4: MENTOR RESPONSABLE | D4: TRAYECTORIA EDUCATIVA | E4: ÁMBITO ACADÉMICO | F4: ÁMBITO CONDUCTUAL | G4: ÁMBITO SOCIOEMOCIONAL | H4: TOTAL | I4: SEMÁFORO | J4: OBSERVACIONES / NOTAS
A5: =IF(B5<>"",ROW()-4,"") | H5: =IF(B5="","",IFERROR(IF(D5="",0,VALUE(LEFT(D5,1)))+IF(E5="",0,VALUE(LEFT(E5,1)))+IF(F5="",0,VALUE(LEFT(F5,1)))+IF(G5="",0,VALUE(LEFT(G5,1))),0)) | I5: =IF(B5="","",IF(H5<=2,"🟢 VERDE",IF(H5<=5,"🟡 AMARILLO","🔴 ROJO")))
A6: =IF(B6<>"",ROW()-4,"") | H6: =IF(B6="","",IFERROR(IF(D6="",0,VALUE(LEFT(D6,1)))+IF(E6="",0,VALUE(LEFT(E6,1)))+IF(F6="",0,VALUE(LEFT(F6,1)))+IF(G6="",0,VALUE(LEFT(G6,1))),0)) | I6: =IF(B6="","",IF(H6<=2,"🟢 VERDE",IF(H6<=5,"🟡 AMARILLO","🔴 ROJO")))
A7: =IF(B7<>"",ROW()-4,"") | H7: =IF(B7="","",IFERROR(IF(D7="",0,VALUE(LEFT(D7,1)))+IF(E7="",0,VALUE(LEFT(E7,1)))+IF(F7="",0,VALUE(LEFT(F7,1)))+IF(G7="",0,VALUE(LEFT(G7,1))),0)) | I7: =IF(B7="","",IF(H7<=2,"🟢 VERDE",IF(H7<=5,"🟡 AMARILLO","🔴 ROJO")))
A8: =IF(B8<>"",ROW()-4,"") | H8: =IF(B8="","",IFERROR(IF(D8="",0,VALUE(LEFT(D8,1)))+IF(E8="",0,VALUE(LEFT(E8,1)))+IF(F8="",0,VALUE(LEFT(F8,1)))+IF(G8="",0,VALUE(LEFT(G8,1))),0)) | I8: =IF(B8="","",IF(H8<=2,"🟢 VERDE",IF(H8<=5,"🟡 AMARILLO","🔴 ROJO")))
A9: =IF(B9<>"",ROW()-4,"") | H9: =IF(B9="","",IFERROR(IF(D9="",0,VALUE(LEFT(D9,1)))+IF(E9="",0,VALUE(LEFT(E9,1)))+IF(F9="",0,VALUE(LEFT(F9,1)))+IF(G9="",0,VALUE(LEFT(G9,1))),0)) | I9: =IF(B9="","",IF(H9<=2,"🟢 VERDE",IF(H9<=5,"🟡 AMARILLO","🔴 ROJO")))
A10: =IF(B10<>"",ROW()-4,"") | H10: =IF(B10="","",IFERROR(IF(D10="",0,VALUE(LEFT(D10,1)))+IF(E10="",0,VALUE(LEFT(E10,1)))+IF(F10="",0,VALUE(LEFT(F10,1)))+IF(G10="",0,VALUE(LEFT(G10,1))),0)) | I10: =IF(B10="","",IF(H10<=2,"🟢 VERDE",IF(H10<=5,"🟡 AMARILLO","🔴 ROJO")))
A11: =IF(B11<>"",ROW()-4,"") | H11: =IF(B11="","",IFERROR(IF(D11="",0,VALUE(LEFT(D11,1)))+IF(E11="",0,VALUE(LEFT(E11,1)))+IF(F11="",0,VALUE(LEFT(F11,1)))+IF(G11="",0,VALUE(LEFT(G11,1))),0)) | I11: =IF(B11="","",IF(H11<=2,"🟢 VERDE",IF(H11<=5,"🟡 AMARILLO","🔴 ROJO")))
A12: =IF(B12<>"",ROW()-4,"") | H12: =IF(B12="","",IFERROR(IF(D12="",0,VALUE(LEFT(D12,1)))+IF(E12="",0,VALUE(LEFT(E12,1)))+IF(F12="",0,VALUE(LEFT(F12,1)))+IF(G12="",0,VALUE(LEFT(G12,1))),0)) | I12: =IF(B12="","",IF(H12<=2,"🟢 VERDE",IF(H12<=5,"🟡 AMARILLO","🔴 ROJO")))
A13: =IF(B13<>"",ROW()-4,"") | H13: =IF(B13="","",IFERROR(IF(D13="",0,VALUE(LEFT(D13,1)))+IF(E13="",0,VALUE(LEFT(E13,1)))+IF(F13="",0,VALUE(LEFT(F13,1)))+IF(G13="",0,VALUE(LEFT(G13,1))),0)) | I13: =IF(B13="","",IF(H13<=2,"🟢 VERDE",IF(H13<=5,"🟡 AMARILLO","🔴 ROJO")))
A14: =IF(B14<>"",ROW()-4,"") | H14: =IF(B14="","",IFERROR(IF(D14="",0,VALUE(LEFT(D14,1)))+IF(E14="",0,VALUE(LEFT(E14,1)))+IF(F14="",0,VALUE(LEFT(F14,1)))+IF(G14="",0,VALUE(LEFT(G14,1))),0)) | I14: =IF(B14="","",IF(H14<=2,"🟢 VERDE",IF(H14<=5,"🟡 AMARILLO","🔴 ROJO")))
A15: =IF(B15<>"",ROW()-4,"") | H15: =IF(B15="","",IFERROR(IF(D15="",0,VALUE(LEFT(D15,1)))+IF(E15="",0,VALUE(LEFT(E15,1)))+IF(F15="",0,VALUE(LEFT(F15,1)))+IF(G15="",0,VALUE(LEFT(G15,1))),0)) | I15: =IF(B15="","",IF(H15<=2,"🟢 VERDE",IF(H15<=5,"🟡 AMARILLO","🔴 ROJO")))
A16: =IF(B16<>"",ROW()-4,"") | H16: =IF(B16="","",IFERROR(IF(D16="",0,VALUE(LEFT(D16,1)))+IF(E16="",0,VALUE(LEFT(E16,1)))+IF(F16="",0,VALUE(LEFT(F16,1)))+IF(G16="",0,VALUE(LEFT(G16,1))),0)) | I16: =IF(B16="","",IF(H16<=2,"🟢 VERDE",IF(H16<=5,"🟡 AMARILLO","🔴 ROJO")))
... A54: =IF(B54<>"",ROW()-4,"") | H54: =IF(B54="","",IFERROR(IF(D54="",0,VALUE(LEFT(D54,1)))+IF(E54="",0,VALUE(LEFT(E54,1)))+IF(F54="",0,VALUE(LEFT(F54,1)))+IF(G54="",0,VALUE(LEFT(G54,1))),0)) | I54: =IF(B54="","",IF(H54<=2,"🟢 VERDE",IF(H54<=5,"🟡 AMARILLO","🔴 ROJO")))
A55: TOTALES CURSO 8C | D55: =COUNTIF(D5:D54,"<>"&"") | E55: =COUNTIF(E5:E54,"<>"&"") | F55: =COUNTIF(F5:F54,"<>"&"") | G55: =COUNTIF(G5:G54,"<>"&"") | H55: =COUNTA(B5:B54) | I55: =COUNTIF(I5:I54,"🔴 ROJO")&" 🔴 "&COUNTIF(I5:I54,"🟡 AMARILLO")&" 🟡 "&COUNTIF(I5:I54,"🟢 VERDE")&" 🟢" | J55: ← Conteo: Rojo · Amarillo · Verde

Sheet 1mA
A1: CURSO 1mA — Registro de Seguimiento de Estudiantes
A2: PUNTAJES: 0 = Sin alerta / Regular 1 = Alerta leve 2 = Alerta moderada / Reiterada 3 = Alto riesgo │ SEMÁFORO: Verde 0-2 · Amarillo 3-5 · Rojo 6-12
D3: PUNTAJES POR ÁMBITO (seleccionar del menú desplegable) | H3: RESULTADO
A4: N° | B4: NOMBRE ESTUDIANTE | C4: MENTOR RESPONSABLE | D4: TRAYECTORIA EDUCATIVA | E4: ÁMBITO ACADÉMICO | F4: ÁMBITO CONDUCTUAL | G4: ÁMBITO SOCIOEMOCIONAL | H4: TOTAL | I4: SEMÁFORO | J4: OBSERVACIONES / NOTAS
A5: =IF(B5<>"",ROW()-4,"") | H5: =IF(B5="","",IFERROR(IF(D5="",0,VALUE(LEFT(D5,1)))+IF(E5="",0,VALUE(LEFT(E5,1)))+IF(F5="",0,VALUE(LEFT(F5,1)))+IF(G5="",0,VALUE(LEFT(G5,1))),0)) | I5: =IF(B5="","",IF(H5<=2,"🟢 VERDE",IF(H5<=5,"🟡 AMARILLO","🔴 ROJO")))
A6: =IF(B6<>"",ROW()-4,"") | H6: =IF(B6="","",IFERROR(IF(D6="",0,VALUE(LEFT(D6,1)))+IF(E6="",0,VALUE(LEFT(E6,1)))+IF(F6="",0,VALUE(LEFT(F6,1)))+IF(G6="",0,VALUE(LEFT(G6,1))),0)) | I6: =IF(B6="","",IF(H6<=2,"🟢 VERDE",IF(H6<=5,"🟡 AMARILLO","🔴 ROJO")))
A7: =IF(B7<>"",ROW()-4,"") | H7: =IF(B7="","",IFERROR(IF(D7="",0,VALUE(LEFT(D7,1)))+IF(E7="",0,VALUE(LEFT(E7,1)))+IF(F7="",0,VALUE(LEFT(F7,1)))+IF(G7="",0,VALUE(LEFT(G7,1))),0)) | I7: =IF(B7="","",IF(H7<=2,"🟢 VERDE",IF(H7<=5,"🟡 AMARILLO","🔴 ROJO")))
A8: =IF(B8<>"",ROW()-4,"") | H8: =IF(B8="","",IFERROR(IF(D8="",0,VALUE(LEFT(D8,1)))+IF(E8="",0,VALUE(LEFT(E8,1)))+IF(F8="",0,VALUE(LEFT(F8,1)))+IF(G8="",0,VALUE(LEFT(G8,1))),0)) | I8: =IF(B8="","",IF(H8<=2,"🟢 VERDE",IF(H8<=5,"🟡 AMARILLO","🔴 ROJO")))
A9: =IF(B9<>"",ROW()-4,"") | H9: =IF(B9="","",IFERROR(IF(D9="",0,VALUE(LEFT(D9,1)))+IF(E9="",0,VALUE(LEFT(E9,1)))+IF(F9="",0,VALUE(LEFT(F9,1)))+IF(G9="",0,VALUE(LEFT(G9,1))),0)) | I9: =IF(B9="","",IF(H9<=2,"🟢 VERDE",IF(H9<=5,"🟡 AMARILLO","🔴 ROJO")))
A10: =IF(B10<>"",ROW()-4,"") | H10: =IF(B10="","",IFERROR(IF(D10="",0,VALUE(LEFT(D10,1)))+IF(E10="",0,VALUE(LEFT(E10,1)))+IF(F10="",0,VALUE(LEFT(F10,1)))+IF(G10="",0,VALUE(LEFT(G10,1))),0)) | I10: =IF(B10="","",IF(H10<=2,"🟢 VERDE",IF(H10<=5,"🟡 AMARILLO","🔴 ROJO")))
A11: =IF(B11<>"",ROW()-4,"") | H11: =IF(B11="","",IFERROR(IF(D11="",0,VALUE(LEFT(D11,1)))+IF(E11="",0,VALUE(LEFT(E11,1)))+IF(F11="",0,VALUE(LEFT(F11,1)))+IF(G11="",0,VALUE(LEFT(G11,1))),0)) | I11: =IF(B11="","",IF(H11<=2,"🟢 VERDE",IF(H11<=5,"🟡 AMARILLO","🔴 ROJO")))
A12: =IF(B12<>"",ROW()-4,"") | H12: =IF(B12="","",IFERROR(IF(D12="",0,VALUE(LEFT(D12,1)))+IF(E12="",0,VALUE(LEFT(E12,1)))+IF(F12="",0,VALUE(LEFT(F12,1)))+IF(G12="",0,VALUE(LEFT(G12,1))),0)) | I12: =IF(B12="","",IF(H12<=2,"🟢 VERDE",IF(H12<=5,"🟡 AMARILLO","🔴 ROJO")))
A13: =IF(B13<>"",ROW()-4,"") | H13: =IF(B13="","",IFERROR(IF(D13="",0,VALUE(LEFT(D13,1)))+IF(E13="",0,VALUE(LEFT(E13,1)))+IF(F13="",0,VALUE(LEFT(F13,1)))+IF(G13="",0,VALUE(LEFT(G13,1))),0)) | I13: =IF(B13="","",IF(H13<=2,"🟢 VERDE",IF(H13<=5,"🟡 AMARILLO","🔴 ROJO")))
A14: =IF(B14<>"",ROW()-4,"") | H14: =IF(B14="","",IFERROR(IF(D14="",0,VALUE(LEFT(D14,1)))+IF(E14="",0,VALUE(LEFT(E14,1)))+IF(F14="",0,VALUE(LEFT(F14,1)))+IF(G14="",0,VALUE(LEFT(G14,1))),0)) | I14: =IF(B14="","",IF(H14<=2,"🟢 VERDE",IF(H14<=5,"🟡 AMARILLO","🔴 ROJO")))
A15: =IF(B15<>"",ROW()-4,"") | H15: =IF(B15="","",IFERROR(IF(D15="",0,VALUE(LEFT(D15,1)))+IF(E15="",0,VALUE(LEFT(E15,1)))+IF(F15="",0,VALUE(LEFT(F15,1)))+IF(G15="",0,VALUE(LEFT(G15,1))),0)) | I15: =IF(B15="","",IF(H15<=2,"🟢 VERDE",IF(H15<=5,"🟡 AMARILLO","🔴 ROJO")))
A16: =IF(B16<>"",ROW()-4,"") | H16: =IF(B16="","",IFERROR(IF(D16="",0,VALUE(LEFT(D16,1)))+IF(E16="",0,VALUE(LEFT(E16,1)))+IF(F16="",0,VALUE(LEFT(F16,1)))+IF(G16="",0,VALUE(LEFT(G16,1))),0)) | I16: =IF(B16="","",IF(H16<=2,"🟢 VERDE",IF(H16<=5,"🟡 AMARILLO","🔴 ROJO")))
... A54: =IF(B54<>"",ROW()-4,"") | H54: =IF(B54="","",IFERROR(IF(D54="",0,VALUE(LEFT(D54,1)))+IF(E54="",0,VALUE(LEFT(E54,1)))+IF(F54="",0,VALUE(LEFT(F54,1)))+IF(G54="",0,VALUE(LEFT(G54,1))),0)) | I54: =IF(B54="","",IF(H54<=2,"🟢 VERDE",IF(H54<=5,"🟡 AMARILLO","🔴 ROJO")))
A55: TOTALES CURSO 1mA | D55: =COUNTIF(D5:D54,"<>"&"") | E55: =COUNTIF(E5:E54,"<>"&"") | F55: =COUNTIF(F5:F54,"<>"&"") | G55: =COUNTIF(G5:G54,"<>"&"") | H55: =COUNTA(B5:B54) | I55: =COUNTIF(I5:I54,"🔴 ROJO")&" 🔴 "&COUNTIF(I5:I54,"🟡 AMARILLO")&" 🟡 "&COUNTIF(I5:I54,"🟢 VERDE")&" 🟢" | J55: ← Conteo: Rojo · Amarillo · Verde

Sheet 1mB
A1: CURSO 1mB — Registro de Seguimiento de Estudiantes
A2: PUNTAJES: 0 = Sin alerta / Regular 1 = Alerta leve 2 = Alerta moderada / Reiterada 3 = Alto riesgo │ SEMÁFORO: Verde 0-2 · Amarillo 3-5 · Rojo 6-12
D3: PUNTAJES POR ÁMBITO (seleccionar del menú desplegable) | H3: RESULTADO
A4: N° | B4: NOMBRE ESTUDIANTE | C4: MENTOR RESPONSABLE | D4: TRAYECTORIA EDUCATIVA | E4: ÁMBITO ACADÉMICO | F4: ÁMBITO CONDUCTUAL | G4: ÁMBITO SOCIOEMOCIONAL | H4: TOTAL | I4: SEMÁFORO | J4: OBSERVACIONES / NOTAS
A5: =IF(B5<>"",ROW()-4,"") | H5: =IF(B5="","",IFERROR(IF(D5="",0,VALUE(LEFT(D5,1)))+IF(E5="",0,VALUE(LEFT(E5,1)))+IF(F5="",0,VALUE(LEFT(F5,1)))+IF(G5="",0,VALUE(LEFT(G5,1))),0)) | I5: =IF(B5="","",IF(H5<=2,"🟢 VERDE",IF(H5<=5,"🟡 AMARILLO","🔴 ROJO")))
A6: =IF(B6<>"",ROW()-4,"") | H6: =IF(B6="","",IFERROR(IF(D6="",0,VALUE(LEFT(D6,1)))+IF(E6="",0,VALUE(LEFT(E6,1)))+IF(F6="",0,VALUE(LEFT(F6,1)))+IF(G6="",0,VALUE(LEFT(G6,1))),0)) | I6: =IF(B6="","",IF(H6<=2,"🟢 VERDE",IF(H6<=5,"🟡 AMARILLO","🔴 ROJO")))
A7: =IF(B7<>"",ROW()-4,"") | H7: =IF(B7="","",IFERROR(IF(D7="",0,VALUE(LEFT(D7,1)))+IF(E7="",0,VALUE(LEFT(E7,1)))+IF(F7="",0,VALUE(LEFT(F7,1)))+IF(G7="",0,VALUE(LEFT(G7,1))),0)) | I7: =IF(B7="","",IF(H7<=2,"🟢 VERDE",IF(H7<=5,"🟡 AMARILLO","🔴 ROJO")))
A8: =IF(B8<>"",ROW()-4,"") | H8: =IF(B8="","",IFERROR(IF(D8="",0,VALUE(LEFT(D8,1)))+IF(E8="",0,VALUE(LEFT(E8,1)))+IF(F8="",0,VALUE(LEFT(F8,1)))+IF(G8="",0,VALUE(LEFT(G8,1))),0)) | I8: =IF(B8="","",IF(H8<=2,"🟢 VERDE",IF(H8<=5,"🟡 AMARILLO","🔴 ROJO")))
A9: =IF(B9<>"",ROW()-4,"") | H9: =IF(B9="","",IFERROR(IF(D9="",0,VALUE(LEFT(D9,1)))+IF(E9="",0,VALUE(LEFT(E9,1)))+IF(F9="",0,VALUE(LEFT(F9,1)))+IF(G9="",0,VALUE(LEFT(G9,1))),0)) | I9: =IF(B9="","",IF(H9<=2,"🟢 VERDE",IF(H9<=5,"🟡 AMARILLO","🔴 ROJO")))
A10: =IF(B10<>"",ROW()-4,"") | H10: =IF(B10="","",IFERROR(IF(D10="",0,VALUE(LEFT(D10,1)))+IF(E10="",0,VALUE(LEFT(E10,1)))+IF(F10="",0,VALUE(LEFT(F10,1)))+IF(G10="",0,VALUE(LEFT(G10,1))),0)) | I10: =IF(B10="","",IF(H10<=2,"🟢 VERDE",IF(H10<=5,"🟡 AMARILLO","🔴 ROJO")))
A11: =IF(B11<>"",ROW()-4,"") | H11: =IF(B11="","",IFERROR(IF(D11="",0,VALUE(LEFT(D11,1)))+IF(E11="",0,VALUE(LEFT(E11,1)))+IF(F11="",0,VALUE(LEFT(F11,1)))+IF(G11="",0,VALUE(LEFT(G11,1))),0)) | I11: =IF(B11="","",IF(H11<=2,"🟢 VERDE",IF(H11<=5,"🟡 AMARILLO","🔴 ROJO")))
A12: =IF(B12<>"",ROW()-4,"") | H12: =IF(B12="","",IFERROR(IF(D12="",0,VALUE(LEFT(D12,1)))+IF(E12="",0,VALUE(LEFT(E12,1)))+IF(F12="",0,VALUE(LEFT(F12,1)))+IF(G12="",0,VALUE(LEFT(G12,1))),0)) | I12: =IF(B12="","",IF(H12<=2,"🟢 VERDE",IF(H12<=5,"🟡 AMARILLO","🔴 ROJO")))
A13: =IF(B13<>"",ROW()-4,"") | H13: =IF(B13="","",IFERROR(IF(D13="",0,VALUE(LEFT(D13,1)))+IF(E13="",0,VALUE(LEFT(E13,1)))+IF(F13="",0,VALUE(LEFT(F13,1)))+IF(G13="",0,VALUE(LEFT(G13,1))),0)) | I13: =IF(B13="","",IF(H13<=2,"🟢 VERDE",IF(H13<=5,"🟡 AMARILLO","🔴 ROJO")))
A14: =IF(B14<>"",ROW()-4,"") | H14: =IF(B14="","",IFERROR(IF(D14="",0,VALUE(LEFT(D14,1)))+IF(E14="",0,VALUE(LEFT(E14,1)))+IF(F14="",0,VALUE(LEFT(F14,1)))+IF(G14="",0,VALUE(LEFT(G14,1))),0)) | I14: =IF(B14="","",IF(H14<=2,"🟢 VERDE",IF(H14<=5,"🟡 AMARILLO","🔴 ROJO")))
A15: =IF(B15<>"",ROW()-4,"") | H15: =IF(B15="","",IFERROR(IF(D15="",0,VALUE(LEFT(D15,1)))+IF(E15="",0,VALUE(LEFT(E15,1)))+IF(F15="",0,VALUE(LEFT(F15,1)))+IF(G15="",0,VALUE(LEFT(G15,1))),0)) | I15: =IF(B15="","",IF(H15<=2,"🟢 VERDE",IF(H15<=5,"🟡 AMARILLO","🔴 ROJO")))
A16: =IF(B16<>"",ROW()-4,"") | H16: =IF(B16="","",IFERROR(IF(D16="",0,VALUE(LEFT(D16,1)))+IF(E16="",0,VALUE(LEFT(E16,1)))+IF(F16="",0,VALUE(LEFT(F16,1)))+IF(G16="",0,VALUE(LEFT(G16,1))),0)) | I16: =IF(B16="","",IF(H16<=2,"🟢 VERDE",IF(H16<=5,"🟡 AMARILLO","🔴 ROJO")))
... A54: =IF(B54<>"",ROW()-4,"") | H54: =IF(B54="","",IFERROR(IF(D54="",0,VALUE(LEFT(D54,1)))+IF(E54="",0,VALUE(LEFT(E54,1)))+IF(F54="",0,VALUE(LEFT(F54,1)))+IF(G54="",0,VALUE(LEFT(G54,1))),0)) | I54: =IF(B54="","",IF(H54<=2,"🟢 VERDE",IF(H54<=5,"🟡 AMARILLO","🔴 ROJO")))
A55: TOTALES CURSO 1mB | D55: =COUNTIF(D5:D54,"<>"&"") | E55: =COUNTIF(E5:E54,"<>"&"") | F55: =COUNTIF(F5:F54,"<>"&"") | G55: =COUNTIF(G5:G54,"<>"&"") | H55: =COUNTA(B5:B54) | I55: =COUNTIF(I5:I54,"🔴 ROJO")&" 🔴 "&COUNTIF(I5:I54,"🟡 AMARILLO")&" 🟡 "&COUNTIF(I5:I54,"🟢 VERDE")&" 🟢" | J55: ← Conteo: Rojo · Amarillo · Verde

Sheet 1mC
A1: CURSO 1mC — Registro de Seguimiento de Estudiantes
A2: PUNTAJES: 0 = Sin alerta / Regular 1 = Alerta leve 2 = Alerta moderada / Reiterada 3 = Alto riesgo │ SEMÁFORO: Verde 0-2 · Amarillo 3-5 · Rojo 6-12
D3: PUNTAJES POR ÁMBITO (seleccionar del menú desplegable) | H3: RESULTADO
A4: N° | B4: NOMBRE ESTUDIANTE | C4: MENTOR RESPONSABLE | D4: TRAYECTORIA EDUCATIVA | E4: ÁMBITO ACADÉMICO | F4: ÁMBITO CONDUCTUAL | G4: ÁMBITO SOCIOEMOCIONAL | H4: TOTAL | I4: SEMÁFORO | J4: OBSERVACIONES / NOTAS
A5: =IF(B5<>"",ROW()-4,"") | H5: =IF(B5="","",IFERROR(IF(D5="",0,VALUE(LEFT(D5,1)))+IF(E5="",0,VALUE(LEFT(E5,1)))+IF(F5="",0,VALUE(LEFT(F5,1)))+IF(G5="",0,VALUE(LEFT(G5,1))),0)) | I5: =IF(B5="","",IF(H5<=2,"🟢 VERDE",IF(H5<=5,"🟡 AMARILLO","🔴 ROJO")))
A6: =IF(B6<>"",ROW()-4,"") | H6: =IF(B6="","",IFERROR(IF(D6="",0,VALUE(LEFT(D6,1)))+IF(E6="",0,VALUE(LEFT(E6,1)))+IF(F6="",0,VALUE(LEFT(F6,1)))+IF(G6="",0,VALUE(LEFT(G6,1))),0)) | I6: =IF(B6="","",IF(H6<=2,"🟢 VERDE",IF(H6<=5,"🟡 AMARILLO","🔴 ROJO")))
A7: =IF(B7<>"",ROW()-4,"") | H7: =IF(B7="","",IFERROR(IF(D7="",0,VALUE(LEFT(D7,1)))+IF(E7="",0,VALUE(LEFT(E7,1)))+IF(F7="",0,VALUE(LEFT(F7,1)))+IF(G7="",0,VALUE(LEFT(G7,1))),0)) | I7: =IF(B7="","",IF(H7<=2,"🟢 VERDE",IF(H7<=5,"🟡 AMARILLO","🔴 ROJO")))
A8: =IF(B8<>"",ROW()-4,"") | H8: =IF(B8="","",IFERROR(IF(D8="",0,VALUE(LEFT(D8,1)))+IF(E8="",0,VALUE(LEFT(E8,1)))+IF(F8="",0,VALUE(LEFT(F8,1)))+IF(G8="",0,VALUE(LEFT(G8,1))),0)) | I8: =IF(B8="","",IF(H8<=2,"🟢 VERDE",IF(H8<=5,"🟡 AMARILLO","🔴 ROJO")))
A9: =IF(B9<>"",ROW()-4,"") | H9: =IF(B9="","",IFERROR(IF(D9="",0,VALUE(LEFT(D9,1)))+IF(E9="",0,VALUE(LEFT(E9,1)))+IF(F9="",0,VALUE(LEFT(F9,1)))+IF(G9="",0,VALUE(LEFT(G9,1))),0)) | I9: =IF(B9="","",IF(H9<=2,"🟢 VERDE",IF(H9<=5,"🟡 AMARILLO","🔴 ROJO")))
A10: =IF(B10<>"",ROW()-4,"") | H10: =IF(B10="","",IFERROR(IF(D10="",0,VALUE(LEFT(D10,1)))+IF(E10="",0,VALUE(LEFT(E10,1)))+IF(F10="",0,VALUE(LEFT(F10,1)))+IF(G10="",0,VALUE(LEFT(G10,1))),0)) | I10: =IF(B10="","",IF(H10<=2,"🟢 VERDE",IF(H10<=5,"🟡 AMARILLO","🔴 ROJO")))
A11: =IF(B11<>"",ROW()-4,"") | H11: =IF(B11="","",IFERROR(IF(D11="",0,VALUE(LEFT(D11,1)))+IF(E11="",0,VALUE(LEFT(E11,1)))+IF(F11="",0,VALUE(LEFT(F11,1)))+IF(G11="",0,VALUE(LEFT(G11,1))),0)) | I11: =IF(B11="","",IF(H11<=2,"🟢 VERDE",IF(H11<=5,"🟡 AMARILLO","🔴 ROJO")))
A12: =IF(B12<>"",ROW()-4,"") | H12: =IF(B12="","",IFERROR(IF(D12="",0,VALUE(LEFT(D12,1)))+IF(E12="",0,VALUE(LEFT(E12,1)))+IF(F12="",0,VALUE(LEFT(F12,1)))+IF(G12="",0,VALUE(LEFT(G12,1))),0)) | I12: =IF(B12="","",IF(H12<=2,"🟢 VERDE",IF(H12<=5,"🟡 AMARILLO","🔴 ROJO")))
A13: =IF(B13<>"",ROW()-4,"") | H13: =IF(B13="","",IFERROR(IF(D13="",0,VALUE(LEFT(D13,1)))+IF(E13="",0,VALUE(LEFT(E13,1)))+IF(F13="",0,VALUE(LEFT(F13,1)))+IF(G13="",0,VALUE(LEFT(G13,1))),0)) | I13: =IF(B13="","",IF(H13<=2,"🟢 VERDE",IF(H13<=5,"🟡 AMARILLO","🔴 ROJO")))
A14: =IF(B14<>"",ROW()-4,"") | H14: =IF(B14="","",IFERROR(IF(D14="",0,VALUE(LEFT(D14,1)))+IF(E14="",0,VALUE(LEFT(E14,1)))+IF(F14="",0,VALUE(LEFT(F14,1)))+IF(G14="",0,VALUE(LEFT(G14,1))),0)) | I14: =IF(B14="","",IF(H14<=2,"🟢 VERDE",IF(H14<=5,"🟡 AMARILLO","🔴 ROJO")))
A15: =IF(B15<>"",ROW()-4,"") | H15: =IF(B15="","",IFERROR(IF(D15="",0,VALUE(LEFT(D15,1)))+IF(E15="",0,VALUE(LEFT(E15,1)))+IF(F15="",0,VALUE(LEFT(F15,1)))+IF(G15="",0,VALUE(LEFT(G15,1))),0)) | I15: =IF(B15="","",IF(H15<=2,"🟢 VERDE",IF(H15<=5,"🟡 AMARILLO","🔴 ROJO")))
A16: =IF(B16<>"",ROW()-4,"") | H16: =IF(B16="","",IFERROR(IF(D16="",0,VALUE(LEFT(D16,1)))+IF(E16="",0,VALUE(LEFT(E16,1)))+IF(F16="",0,VALUE(LEFT(F16,1)))+IF(G16="",0,VALUE(LEFT(G16,1))),0)) | I16: =IF(B16="","",IF(H16<=2,"🟢 VERDE",IF(H16<=5,"🟡 AMARILLO","🔴 ROJO")))
... A54: =IF(B54<>"",ROW()-4,"") | H54: =IF(B54="","",IFERROR(IF(D54="",0,VALUE(LEFT(D54,1)))+IF(E54="",0,VALUE(LEFT(E54,1)))+IF(F54="",0,VALUE(LEFT(F54,1)))+IF(G54="",0,VALUE(LEFT(G54,1))),0)) | I54: =IF(B54="","",IF(H54<=2,"🟢 VERDE",IF(H54<=5,"🟡 AMARILLO","🔴 ROJO")))
A55: TOTALES CURSO 1mC | D55: =COUNTIF(D5:D54,"<>"&"") | E55: =COUNTIF(E5:E54,"<>"&"") | F55: =COUNTIF(F5:F54,"<>"&"") | G55: =COUNTIF(G5:G54,"<>"&"") | H55: =COUNTA(B5:B54) | I55: =COUNTIF(I5:I54,"🔴 ROJO")&" 🔴 "&COUNTIF(I5:I54,"🟡 AMARILLO")&" 🟡 "&COUNTIF(I5:I54,"🟢 VERDE")&" 🟢" | J55: ← Conteo: Rojo · Amarillo · Verde

Sheet 2mA
A1: CURSO 2mA — Registro de Seguimiento de Estudiantes
A2: PUNTAJES: 0 = Sin alerta / Regular 1 = Alerta leve 2 = Alerta moderada / Reiterada 3 = Alto riesgo │ SEMÁFORO: Verde 0-2 · Amarillo 3-5 · Rojo 6-12
D3: PUNTAJES POR ÁMBITO (seleccionar del menú desplegable) | H3: RESULTADO
A4: N° | B4: NOMBRE ESTUDIANTE | C4: MENTOR RESPONSABLE | D4: TRAYECTORIA EDUCATIVA | E4: ÁMBITO ACADÉMICO | F4: ÁMBITO CONDUCTUAL | G4: ÁMBITO SOCIOEMOCIONAL | H4: TOTAL | I4: SEMÁFORO | J4: OBSERVACIONES / NOTAS
A5: =IF(B5<>"",ROW()-4,"") | H5: =IF(B5="","",IFERROR(IF(D5="",0,VALUE(LEFT(D5,1)))+IF(E5="",0,VALUE(LEFT(E5,1)))+IF(F5="",0,VALUE(LEFT(F5,1)))+IF(G5="",0,VALUE(LEFT(G5,1))),0)) | I5: =IF(B5="","",IF(H5<=2,"🟢 VERDE",IF(H5<=5,"🟡 AMARILLO","🔴 ROJO")))
A6: =IF(B6<>"",ROW()-4,"") | H6: =IF(B6="","",IFERROR(IF(D6="",0,VALUE(LEFT(D6,1)))+IF(E6="",0,VALUE(LEFT(E6,1)))+IF(F6="",0,VALUE(LEFT(F6,1)))+IF(G6="",0,VALUE(LEFT(G6,1))),0)) | I6: =IF(B6="","",IF(H6<=2,"🟢 VERDE",IF(H6<=5,"🟡 AMARILLO","🔴 ROJO")))
A7: =IF(B7<>"",ROW()-4,"") | H7: =IF(B7="","",IFERROR(IF(D7="",0,VALUE(LEFT(D7,1)))+IF(E7="",0,VALUE(LEFT(E7,1)))+IF(F7="",0,VALUE(LEFT(F7,1)))+IF(G7="",0,VALUE(LEFT(G7,1))),0)) | I7: =IF(B7="","",IF(H7<=2,"🟢 VERDE",IF(H7<=5,"🟡 AMARILLO","🔴 ROJO")))
A8: =IF(B8<>"",ROW()-4,"") | H8: =IF(B8="","",IFERROR(IF(D8="",0,VALUE(LEFT(D8,1)))+IF(E8="",0,VALUE(LEFT(E8,1)))+IF(F8="",0,VALUE(LEFT(F8,1)))+IF(G8="",0,VALUE(LEFT(G8,1))),0)) | I8: =IF(B8="","",IF(H8<=2,"🟢 VERDE",IF(H8<=5,"🟡 AMARILLO","🔴 ROJO")))
A9: =IF(B9<>"",ROW()-4,"") | H9: =IF(B9="","",IFERROR(IF(D9="",0,VALUE(LEFT(D9,1)))+IF(E9="",0,VALUE(LEFT(E9,1)))+IF(F9="",0,VALUE(LEFT(F9,1)))+IF(G9="",0,VALUE(LEFT(G9,1))),0)) | I9: =IF(B9="","",IF(H9<=2,"🟢 VERDE",IF(H9<=5,"🟡 AMARILLO","🔴 ROJO")))
A10: =IF(B10<>"",ROW()-4,"") | H10: =IF(B10="","",IFERROR(IF(D10="",0,VALUE(LEFT(D10,1)))+IF(E10="",0,VALUE(LEFT(E10,1)))+IF(F10="",0,VALUE(LEFT(F10,1)))+IF(G10="",0,VALUE(LEFT(G10,1))),0)) | I10: =IF(B10="","",IF(H10<=2,"🟢 VERDE",IF(H10<=5,"🟡 AMARILLO","🔴 ROJO")))
A11: =IF(B11<>"",ROW()-4,"") | H11: =IF(B11="","",IFERROR(IF(D11="",0,VALUE(LEFT(D11,1)))+IF(E11="",0,VALUE(LEFT(E11,1)))+IF(F11="",0,VALUE(LEFT(F11,1)))+IF(G11="",0,VALUE(LEFT(G11,1))),0)) | I11: =IF(B11="","",IF(H11<=2,"🟢 VERDE",IF(H11<=5,"🟡 AMARILLO","🔴 ROJO")))
A12: =IF(B12<>"",ROW()-4,"") | H12: =IF(B12="","",IFERROR(IF(D12="",0,VALUE(LEFT(D12,1)))+IF(E12="",0,VALUE(LEFT(E12,1)))+IF(F12="",0,VALUE(LEFT(F12,1)))+IF(G12="",0,VALUE(LEFT(G12,1))),0)) | I12: =IF(B12="","",IF(H12<=2,"🟢 VERDE",IF(H12<=5,"🟡 AMARILLO","🔴 ROJO")))
A13: =IF(B13<>"",ROW()-4,"") | H13: =IF(B13="","",IFERROR(IF(D13="",0,VALUE(LEFT(D13,1)))+IF(E13="",0,VALUE(LEFT(E13,1)))+IF(F13="",0,VALUE(LEFT(F13,1)))+IF(G13="",0,VALUE(LEFT(G13,1))),0)) | I13: =IF(B13="","",IF(H13<=2,"🟢 VERDE",IF(H13<=5,"🟡 AMARILLO","🔴 ROJO")))
A14: =IF(B14<>"",ROW()-4,"") | H14: =IF(B14="","",IFERROR(IF(D14="",0,VALUE(LEFT(D14,1)))+IF(E14="",0,VALUE(LEFT(E14,1)))+IF(F14="",0,VALUE(LEFT(F14,1)))+IF(G14="",0,VALUE(LEFT(G14,1))),0)) | I14: =IF(B14="","",IF(H14<=2,"🟢 VERDE",IF(H14<=5,"🟡 AMARILLO","🔴 ROJO")))
A15: =IF(B15<>"",ROW()-4,"") | H15: =IF(B15="","",IFERROR(IF(D15="",0,VALUE(LEFT(D15,1)))+IF(E15="",0,VALUE(LEFT(E15,1)))+IF(F15="",0,VALUE(LEFT(F15,1)))+IF(G15="",0,VALUE(LEFT(G15,1))),0)) | I15: =IF(B15="","",IF(H15<=2,"🟢 VERDE",IF(H15<=5,"🟡 AMARILLO","🔴 ROJO")))
A16: =IF(B16<>"",ROW()-4,"") | H16: =IF(B16="","",IFERROR(IF(D16="",0,VALUE(LEFT(D16,1)))+IF(E16="",0,VALUE(LEFT(E16,1)))+IF(F16="",0,VALUE(LEFT(F16,1)))+IF(G16="",0,VALUE(LEFT(G16,1))),0)) | I16: =IF(B16="","",IF(H16<=2,"🟢 VERDE",IF(H16<=5,"🟡 AMARILLO","🔴 ROJO")))
... A54: =IF(B54<>"",ROW()-4,"") | H54: =IF(B54="","",IFERROR(IF(D54="",0,VALUE(LEFT(D54,1)))+IF(E54="",0,VALUE(LEFT(E54,1)))+IF(F54="",0,VALUE(LEFT(F54,1)))+IF(G54="",0,VALUE(LEFT(G54,1))),0)) | I54: =IF(B54="","",IF(H54<=2,"🟢 VERDE",IF(H54<=5,"🟡 AMARILLO","🔴 ROJO")))
A55: TOTALES CURSO 2mA | D55: =COUNTIF(D5:D54,"<>"&"") | E55: =COUNTIF(E5:E54,"<>"&"") | F55: =COUNTIF(F5:F54,"<>"&"") | G55: =COUNTIF(G5:G54,"<>"&"") | H55: =COUNTA(B5:B54) | I55: =COUNTIF(I5:I54,"🔴 ROJO")&" 🔴 "&COUNTIF(I5:I54,"🟡 AMARILLO")&" 🟡 "&COUNTIF(I5:I54,"🟢 VERDE")&" 🟢" | J55: ← Conteo: Rojo · Amarillo · Verde

Sheet 2mB
A1: CURSO 2mB — Registro de Seguimiento de Estudiantes
A2: PUNTAJES: 0 = Sin alerta / Regular 1 = Alerta leve 2 = Alerta moderada / Reiterada 3 = Alto riesgo │ SEMÁFORO: Verde 0-2 · Amarillo 3-5 · Rojo 6-12
D3: PUNTAJES POR ÁMBITO (seleccionar del menú desplegable) | H3: RESULTADO
A4: N° | B4: NOMBRE ESTUDIANTE | C4: MENTOR RESPONSABLE | D4: TRAYECTORIA EDUCATIVA | E4: ÁMBITO ACADÉMICO | F4: ÁMBITO CONDUCTUAL | G4: ÁMBITO SOCIOEMOCIONAL | H4: TOTAL | I4: SEMÁFORO | J4: OBSERVACIONES / NOTAS
A5: =IF(B5<>"",ROW()-4,"") | H5: =IF(B5="","",IFERROR(IF(D5="",0,VALUE(LEFT(D5,1)))+IF(E5="",0,VALUE(LEFT(E5,1)))+IF(F5="",0,VALUE(LEFT(F5,1)))+IF(G5="",0,VALUE(LEFT(G5,1))),0)) | I5: =IF(B5="","",IF(H5<=2,"🟢 VERDE",IF(H5<=5,"🟡 AMARILLO","🔴 ROJO")))
A6: =IF(B6<>"",ROW()-4,"") | H6: =IF(B6="","",IFERROR(IF(D6="",0,VALUE(LEFT(D6,1)))+IF(E6="",0,VALUE(LEFT(E6,1)))+IF(F6="",0,VALUE(LEFT(F6,1)))+IF(G6="",0,VALUE(LEFT(G6,1))),0)) | I6: =IF(B6="","",IF(H6<=2,"🟢 VERDE",IF(H6<=5,"🟡 AMARILLO","🔴 ROJO")))
A7: =IF(B7<>"",ROW()-4,"") | H7: =IF(B7="","",IFERROR(IF(D7="",0,VALUE(LEFT(D7,1)))+IF(E7="",0,VALUE(LEFT(E7,1)))+IF(F7="",0,VALUE(LEFT(F7,1)))+IF(G7="",0,VALUE(LEFT(G7,1))),0)) | I7: =IF(B7="","",IF(H7<=2,"🟢 VERDE",IF(H7<=5,"🟡 AMARILLO","🔴 ROJO")))
A8: =IF(B8<>"",ROW()-4,"") | H8: =IF(B8="","",IFERROR(IF(D8="",0,VALUE(LEFT(D8,1)))+IF(E8="",0,VALUE(LEFT(E8,1)))+IF(F8="",0,VALUE(LEFT(F8,1)))+IF(G8="",0,VALUE(LEFT(G8,1))),0)) | I8: =IF(B8="","",IF(H8<=2,"🟢 VERDE",IF(H8<=5,"🟡 AMARILLO","🔴 ROJO")))
A9: =IF(B9<>"",ROW()-4,"") | H9: =IF(B9="","",IFERROR(IF(D9="",0,VALUE(LEFT(D9,1)))+IF(E9="",0,VALUE(LEFT(E9,1)))+IF(F9="",0,VALUE(LEFT(F9,1)))+IF(G9="",0,VALUE(LEFT(G9,1))),0)) | I9: =IF(B9="","",IF(H9<=2,"🟢 VERDE",IF(H9<=5,"🟡 AMARILLO","🔴 ROJO")))
A10: =IF(B10<>"",ROW()-4,"") | H10: =IF(B10="","",IFERROR(IF(D10="",0,VALUE(LEFT(D10,1)))+IF(E10="",0,VALUE(LEFT(E10,1)))+IF(F10="",0,VALUE(LEFT(F10,1)))+IF(G10="",0,VALUE(LEFT(G10,1))),0)) | I10: =IF(B10="","",IF(H10<=2,"🟢 VERDE",IF(H10<=5,"🟡 AMARILLO","🔴 ROJO")))
A11: =IF(B11<>"",ROW()-4,"") | H11: =IF(B11="","",IFERROR(IF(D11="",0,VALUE(LEFT(D11,1)))+IF(E11="",0,VALUE(LEFT(E11,1)))+IF(F11="",0,VALUE(LEFT(F11,1)))+IF(G11="",0,VALUE(LEFT(G11,1))),0)) | I11: =IF(B11="","",IF(H11<=2,"🟢 VERDE",IF(H11<=5,"🟡 AMARILLO","🔴 ROJO")))
A12: =IF(B12<>"",ROW()-4,"") | H12: =IF(B12="","",IFERROR(IF(D12="",0,VALUE(LEFT(D12,1)))+IF(E12="",0,VALUE(LEFT(E12,1)))+IF(F12="",0,VALUE(LEFT(F12,1)))+IF(G12="",0,VALUE(LEFT(G12,1))),0)) | I12: =IF(B12="","",IF(H12<=2,"🟢 VERDE",IF(H12<=5,"🟡 AMARILLO","🔴 ROJO")))
A13: =IF(B13<>"",ROW()-4,"") | H13: =IF(B13="","",IFERROR(IF(D13="",0,VALUE(LEFT(D13,1)))+IF(E13="",0,VALUE(LEFT(E13,1)))+IF(F13="",0,VALUE(LEFT(F13,1)))+IF(G13="",0,VALUE(LEFT(G13,1))),0)) | I13: =IF(B13="","",IF(H13<=2,"🟢 VERDE",IF(H13<=5,"🟡 AMARILLO","🔴 ROJO")))
A14: =IF(B14<>"",ROW()-4,"") | H14: =IF(B14="","",IFERROR(IF(D14="",0,VALUE(LEFT(D14,1)))+IF(E14="",0,VALUE(LEFT(E14,1)))+IF(F14="",0,VALUE(LEFT(F14,1)))+IF(G14="",0,VALUE(LEFT(G14,1))),0)) | I14: =IF(B14="","",IF(H14<=2,"🟢 VERDE",IF(H14<=5,"🟡 AMARILLO","🔴 ROJO")))
A15: =IF(B15<>"",ROW()-4,"") | H15: =IF(B15="","",IFERROR(IF(D15="",0,VALUE(LEFT(D15,1)))+IF(E15="",0,VALUE(LEFT(E15,1)))+IF(F15="",0,VALUE(LEFT(F15,1)))+IF(G15="",0,VALUE(LEFT(G15,1))),0)) | I15: =IF(B15="","",IF(H15<=2,"🟢 VERDE",IF(H15<=5,"🟡 AMARILLO","🔴 ROJO")))
A16: =IF(B16<>"",ROW()-4,"") | H16: =IF(B16="","",IFERROR(IF(D16="",0,VALUE(LEFT(D16,1)))+IF(E16="",0,VALUE(LEFT(E16,1)))+IF(F16="",0,VALUE(LEFT(F16,1)))+IF(G16="",0,VALUE(LEFT(G16,1))),0)) | I16: =IF(B16="","",IF(H16<=2,"🟢 VERDE",IF(H16<=5,"🟡 AMARILLO","🔴 ROJO")))
... A54: =IF(B54<>"",ROW()-4,"") | H54: =IF(B54="","",IFERROR(IF(D54="",0,VALUE(LEFT(D54,1)))+IF(E54="",0,VALUE(LEFT(E54,1)))+IF(F54="",0,VALUE(LEFT(F54,1)))+IF(G54="",0,VALUE(LEFT(G54,1))),0)) | I54: =IF(B54="","",IF(H54<=2,"🟢 VERDE",IF(H54<=5,"🟡 AMARILLO","🔴 ROJO")))
A55: TOTALES CURSO 2mB | D55: =COUNTIF(D5:D54,"<>"&"") | E55: =COUNTIF(E5:E54,"<>"&"") | F55: =COUNTIF(F5:F54,"<>"&"") | G55: =COUNTIF(G5:G54,"<>"&"") | H55: =COUNTA(B5:B54) | I55: =COUNTIF(I5:I54,"🔴 ROJO")&" 🔴 "&COUNTIF(I5:I54,"🟡 AMARILLO")&" 🟡 "&COUNTIF(I5:I54,"🟢 VERDE")&" 🟢" | J55: ← Conteo: Rojo · Amarillo · Verde

Sheet 2mC
A1: CURSO 2mC — Registro de Seguimiento de Estudiantes
A2: PUNTAJES: 0 = Sin alerta / Regular 1 = Alerta leve 2 = Alerta moderada / Reiterada 3 = Alto riesgo │ SEMÁFORO: Verde 0-2 · Amarillo 3-5 · Rojo 6-12
D3: PUNTAJES POR ÁMBITO (seleccionar del menú desplegable) | H3: RESULTADO
A4: N° | B4: NOMBRE ESTUDIANTE | C4: MENTOR RESPONSABLE | D4: TRAYECTORIA EDUCATIVA | E4: ÁMBITO ACADÉMICO | F4: ÁMBITO CONDUCTUAL | G4: ÁMBITO SOCIOEMOCIONAL | H4: TOTAL | I4: SEMÁFORO | J4: OBSERVACIONES / NOTAS
A5: =IF(B5<>"",ROW()-4,"") | H5: =IF(B5="","",IFERROR(IF(D5="",0,VALUE(LEFT(D5,1)))+IF(E5="",0,VALUE(LEFT(E5,1)))+IF(F5="",0,VALUE(LEFT(F5,1)))+IF(G5="",0,VALUE(LEFT(G5,1))),0)) | I5: =IF(B5="","",IF(H5<=2,"🟢 VERDE",IF(H5<=5,"🟡 AMARILLO","🔴 ROJO")))
A6: =IF(B6<>"",ROW()-4,"") | H6: =IF(B6="","",IFERROR(IF(D6="",0,VALUE(LEFT(D6,1)))+IF(E6="",0,VALUE(LEFT(E6,1)))+IF(F6="",0,VALUE(LEFT(F6,1)))+IF(G6="",0,VALUE(LEFT(G6,1))),0)) | I6: =IF(B6="","",IF(H6<=2,"🟢 VERDE",IF(H6<=5,"🟡 AMARILLO","🔴 ROJO")))
A7: =IF(B7<>"",ROW()-4,"") | H7: =IF(B7="","",IFERROR(IF(D7="",0,VALUE(LEFT(D7,1)))+IF(E7="",0,VALUE(LEFT(E7,1)))+IF(F7="",0,VALUE(LEFT(F7,1)))+IF(G7="",0,VALUE(LEFT(G7,1))),0)) | I7: =IF(B7="","",IF(H7<=2,"🟢 VERDE",IF(H7<=5,"🟡 AMARILLO","🔴 ROJO")))
A8: =IF(B8<>"",ROW()-4,"") | H8: =IF(B8="","",IFERROR(IF(D8="",0,VALUE(LEFT(D8,1)))+IF(E8="",0,VALUE(LEFT(E8,1)))+IF(F8="",0,VALUE(LEFT(F8,1)))+IF(G8="",0,VALUE(LEFT(G8,1))),0)) | I8: =IF(B8="","",IF(H8<=2,"🟢 VERDE",IF(H8<=5,"🟡 AMARILLO","🔴 ROJO")))
A9: =IF(B9<>"",ROW()-4,"") | H9: =IF(B9="","",IFERROR(IF(D9="",0,VALUE(LEFT(D9,1)))+IF(E9="",0,VALUE(LEFT(E9,1)))+IF(F9="",0,VALUE(LEFT(F9,1)))+IF(G9="",0,VALUE(LEFT(G9,1))),0)) | I9: =IF(B9="","",IF(H9<=2,"🟢 VERDE",IF(H9<=5,"🟡 AMARILLO","🔴 ROJO")))
A10: =IF(B10<>"",ROW()-4,"") | H10: =IF(B10="","",IFERROR(IF(D10="",0,VALUE(LEFT(D10,1)))+IF(E10="",0,VALUE(LEFT(E10,1)))+IF(F10="",0,VALUE(LEFT(F10,1)))+IF(G10="",0,VALUE(LEFT(G10,1))),0)) | I10: =IF(B10="","",IF(H10<=2,"🟢 VERDE",IF(H10<=5,"🟡 AMARILLO","🔴 ROJO")))
A11: =IF(B11<>"",ROW()-4,"") | H11: =IF(B11="","",IFERROR(IF(D11="",0,VALUE(LEFT(D11,1)))+IF(E11="",0,VALUE(LEFT(E11,1)))+IF(F11="",0,VALUE(LEFT(F11,1)))+IF(G11="",0,VALUE(LEFT(G11,1))),0)) | I11: =IF(B11="","",IF(H11<=2,"🟢 VERDE",IF(H11<=5,"🟡 AMARILLO","🔴 ROJO")))
A12: =IF(B12<>"",ROW()-4,"") | H12: =IF(B12="","",IFERROR(IF(D12="",0,VALUE(LEFT(D12,1)))+IF(E12="",0,VALUE(LEFT(E12,1)))+IF(F12="",0,VALUE(LEFT(F12,1)))+IF(G12="",0,VALUE(LEFT(G12,1))),0)) | I12: =IF(B12="","",IF(H12<=2,"🟢 VERDE",IF(H12<=5,"🟡 AMARILLO","🔴 ROJO")))
A13: =IF(B13<>"",ROW()-4,"") | H13: =IF(B13="","",IFERROR(IF(D13="",0,VALUE(LEFT(D13,1)))+IF(E13="",0,VALUE(LEFT(E13,1)))+IF(F13="",0,VALUE(LEFT(F13,1)))+IF(G13="",0,VALUE(LEFT(G13,1))),0)) | I13: =IF(B13="","",IF(H13<=2,"🟢 VERDE",IF(H13<=5,"🟡 AMARILLO","🔴 ROJO")))
A14: =IF(B14<>"",ROW()-4,"") | H14: =IF(B14="","",IFERROR(IF(D14="",0,VALUE(LEFT(D14,1)))+IF(E14="",0,VALUE(LEFT(E14,1)))+IF(F14="",0,VALUE(LEFT(F14,1)))+IF(G14="",0,VALUE(LEFT(G14,1))),0)) | I14: =IF(B14="","",IF(H14<=2,"🟢 VERDE",IF(H14<=5,"🟡 AMARILLO","🔴 ROJO")))
A15: =IF(B15<>"",ROW()-4,"") | H15: =IF(B15="","",IFERROR(IF(D15="",0,VALUE(LEFT(D15,1)))+IF(E15="",0,VALUE(LEFT(E15,1)))+IF(F15="",0,VALUE(LEFT(F15,1)))+IF(G15="",0,VALUE(LEFT(G15,1))),0)) | I15: =IF(B15="","",IF(H15<=2,"🟢 VERDE",IF(H15<=5,"🟡 AMARILLO","🔴 ROJO")))
A16: =IF(B16<>"",ROW()-4,"") | H16: =IF(B16="","",IFERROR(IF(D16="",0,VALUE(LEFT(D16,1)))+IF(E16="",0,VALUE(LEFT(E16,1)))+IF(F16="",0,VALUE(LEFT(F16,1)))+IF(G16="",0,VALUE(LEFT(G16,1))),0)) | I16: =IF(B16="","",IF(H16<=2,"🟢 VERDE",IF(H16<=5,"🟡 AMARILLO","🔴 ROJO")))
... A54: =IF(B54<>"",ROW()-4,"") | H54: =IF(B54="","",IFERROR(IF(D54="",0,VALUE(LEFT(D54,1)))+IF(E54="",0,VALUE(LEFT(E54,1)))+IF(F54="",0,VALUE(LEFT(F54,1)))+IF(G54="",0,VALUE(LEFT(G54,1))),0)) | I54: =IF(B54="","",IF(H54<=2,"🟢 VERDE",IF(H54<=5,"🟡 AMARILLO","🔴 ROJO")))
A55: TOTALES CURSO 2mC | D55: =COUNTIF(D5:D54,"<>"&"") | E55: =COUNTIF(E5:E54,"<>"&"") | F55: =COUNTIF(F5:F54,"<>"&"") | G55: =COUNTIF(G5:G54,"<>"&"") | H55: =COUNTA(B5:B54) | I55: =COUNTIF(I5:I54,"🔴 ROJO")&" 🔴 "&COUNTIF(I5:I54,"🟡 AMARILLO")&" 🟡 "&COUNTIF(I5:I54,"🟢 VERDE")&" 🟢" | J55: ← Conteo: Rojo · Amarillo · Verde

Sheet 2mD
A1: CURSO 2mD — Registro de Seguimiento de Estudiantes
A2: PUNTAJES: 0 = Sin alerta / Regular 1 = Alerta leve 2 = Alerta moderada / Reiterada 3 = Alto riesgo │ SEMÁFORO: Verde 0-2 · Amarillo 3-5 · Rojo 6-12
D3: PUNTAJES POR ÁMBITO (seleccionar del menú desplegable) | H3: RESULTADO
A4: N° | B4: NOMBRE ESTUDIANTE | C4: MENTOR RESPONSABLE | D4: TRAYECTORIA EDUCATIVA | E4: ÁMBITO ACADÉMICO | F4: ÁMBITO CONDUCTUAL | G4: ÁMBITO SOCIOEMOCIONAL | H4: TOTAL | I4: SEMÁFORO | J4: OBSERVACIONES / NOTAS
A5: =IF(B5<>"",ROW()-4,"") | H5: =IF(B5="","",IFERROR(IF(D5="",0,VALUE(LEFT(D5,1)))+IF(E5="",0,VALUE(LEFT(E5,1)))+IF(F5="",0,VALUE(LEFT(F5,1)))+IF(G5="",0,VALUE(LEFT(G5,1))),0)) | I5: =IF(B5="","",IF(H5<=2,"🟢 VERDE",IF(H5<=5,"🟡 AMARILLO","🔴 ROJO")))
A6: =IF(B6<>"",ROW()-4,"") | H6: =IF(B6="","",IFERROR(IF(D6="",0,VALUE(LEFT(D6,1)))+IF(E6="",0,VALUE(LEFT(E6,1)))+IF(F6="",0,VALUE(LEFT(F6,1)))+IF(G6="",0,VALUE(LEFT(G6,1))),0)) | I6: =IF(B6="","",IF(H6<=2,"🟢 VERDE",IF(H6<=5,"🟡 AMARILLO","🔴 ROJO")))
A7: =IF(B7<>"",ROW()-4,"") | H7: =IF(B7="","",IFERROR(IF(D7="",0,VALUE(LEFT(D7,1)))+IF(E7="",0,VALUE(LEFT(E7,1)))+IF(F7="",0,VALUE(LEFT(F7,1)))+IF(G7="",0,VALUE(LEFT(G7,1))),0)) | I7: =IF(B7="","",IF(H7<=2,"🟢 VERDE",IF(H7<=5,"🟡 AMARILLO","🔴 ROJO")))
A8: =IF(B8<>"",ROW()-4,"") | H8: =IF(B8="","",IFERROR(IF(D8="",0,VALUE(LEFT(D8,1)))+IF(E8="",0,VALUE(LEFT(E8,1)))+IF(F8="",0,VALUE(LEFT(F8,1)))+IF(G8="",0,VALUE(LEFT(G8,1))),0)) | I8: =IF(B8="","",IF(H8<=2,"🟢 VERDE",IF(H8<=5,"🟡 AMARILLO","🔴 ROJO")))
A9: =IF(B9<>"",ROW()-4,"") | H9: =IF(B9="","",IFERROR(IF(D9="",0,VALUE(LEFT(D9,1)))+IF(E9="",0,VALUE(LEFT(E9,1)))+IF(F9="",0,VALUE(LEFT(F9,1)))+IF(G9="",0,VALUE(LEFT(G9,1))),0)) | I9: =IF(B9="","",IF(H9<=2,"🟢 VERDE",IF(H9<=5,"🟡 AMARILLO","🔴 ROJO")))
A10: =IF(B10<>"",ROW()-4,"") | H10: =IF(B10="","",IFERROR(IF(D10="",0,VALUE(LEFT(D10,1)))+IF(E10="",0,VALUE(LEFT(E10,1)))+IF(F10="",0,VALUE(LEFT(F10,1)))+IF(G10="",0,VALUE(LEFT(G10,1))),0)) | I10: =IF(B10="","",IF(H10<=2,"🟢 VERDE",IF(H10<=5,"🟡 AMARILLO","🔴 ROJO")))
A11: =IF(B11<>"",ROW()-4,"") | H11: =IF(B11="","",IFERROR(IF(D11="",0,VALUE(LEFT(D11,1)))+IF(E11="",0,VALUE(LEFT(E11,1)))+IF(F11="",0,VALUE(LEFT(F11,1)))+IF(G11="",0,VALUE(LEFT(G11,1))),0)) | I11: =IF(B11="","",IF(H11<=2,"🟢 VERDE",IF(H11<=5,"🟡 AMARILLO","🔴 ROJO")))
A12: =IF(B12<>"",ROW()-4,"") | H12: =IF(B12="","",IFERROR(IF(D12="",0,VALUE(LEFT(D12,1)))+IF(E12="",0,VALUE(LEFT(E12,1)))+IF(F12="",0,VALUE(LEFT(F12,1)))+IF(G12="",0,VALUE(LEFT(G12,1))),0)) | I12: =IF(B12="","",IF(H12<=2,"🟢 VERDE",IF(H12<=5,"🟡 AMARILLO","🔴 ROJO")))
A13: =IF(B13<>"",ROW()-4,"") | H13: =IF(B13="","",IFERROR(IF(D13="",0,VALUE(LEFT(D13,1)))+IF(E13="",0,VALUE(LEFT(E13,1)))+IF(F13="",0,VALUE(LEFT(F13,1)))+IF(G13="",0,VALUE(LEFT(G13,1))),0)) | I13: =IF(B13="","",IF(H13<=2,"🟢 VERDE",IF(H13<=5,"🟡 AMARILLO","🔴 ROJO")))
A14: =IF(B14<>"",ROW()-4,"") | H14: =IF(B14="","",IFERROR(IF(D14="",0,VALUE(LEFT(D14,1)))+IF(E14="",0,VALUE(LEFT(E14,1)))+IF(F14="",0,VALUE(LEFT(F14,1)))+IF(G14="",0,VALUE(LEFT(G14,1))),0)) | I14: =IF(B14="","",IF(H14<=2,"🟢 VERDE",IF(H14<=5,"🟡 AMARILLO","🔴 ROJO")))
A15: =IF(B15<>"",ROW()-4,"") | H15: =IF(B15="","",IFERROR(IF(D15="",0,VALUE(LEFT(D15,1)))+IF(E15="",0,VALUE(LEFT(E15,1)))+IF(F15="",0,VALUE(LEFT(F15,1)))+IF(G15="",0,VALUE(LEFT(G15,1))),0)) | I15: =IF(B15="","",IF(H15<=2,"🟢 VERDE",IF(H15<=5,"🟡 AMARILLO","🔴 ROJO")))
A16: =IF(B16<>"",ROW()-4,"") | H16: =IF(B16="","",IFERROR(IF(D16="",0,VALUE(LEFT(D16,1)))+IF(E16="",0,VALUE(LEFT(E16,1)))+IF(F16="",0,VALUE(LEFT(F16,1)))+IF(G16="",0,VALUE(LEFT(G16,1))),0)) | I16: =IF(B16="","",IF(H16<=2,"🟢 VERDE",IF(H16<=5,"🟡 AMARILLO","🔴 ROJO")))
... A54: =IF(B54<>"",ROW()-4,"") | H54: =IF(B54="","",IFERROR(IF(D54="",0,VALUE(LEFT(D54,1)))+IF(E54="",0,VALUE(LEFT(E54,1)))+IF(F54="",0,VALUE(LEFT(F54,1)))+IF(G54="",0,VALUE(LEFT(G54,1))),0)) | I54: =IF(B54="","",IF(H54<=2,"🟢 VERDE",IF(H54<=5,"🟡 AMARILLO","🔴 ROJO")))
A55: TOTALES CURSO 2mD | D55: =COUNTIF(D5:D54,"<>"&"") | E55: =COUNTIF(E5:E54,"<>"&"") | F55: =COUNTIF(F5:F54,"<>"&"") | G55: =COUNTIF(G5:G54,"<>"&"") | H55: =COUNTA(B5:B54) | I55: =COUNTIF(I5:I54,"🔴 ROJO")&" 🔴 "&COUNTIF(I5:I54,"🟡 AMARILLO")&" 🟡 "&COUNTIF(I5:I54,"🟢 VERDE")&" 🟢" | J55: ← Conteo: Rojo · Amarillo · Verde

Sheet 3mA
A1: CURSO 3mA — Registro de Seguimiento de Estudiantes
A2: PUNTAJES: 0 = Sin alerta / Regular 1 = Alerta leve 2 = Alerta moderada / Reiterada 3 = Alto riesgo │ SEMÁFORO: Verde 0-2 · Amarillo 3-5 · Rojo 6-12
D3: PUNTAJES POR ÁMBITO (seleccionar del menú desplegable) | H3: RESULTADO
A4: N° | B4: NOMBRE ESTUDIANTE | C4: MENTOR RESPONSABLE | D4: TRAYECTORIA EDUCATIVA | E4: ÁMBITO ACADÉMICO | F4: ÁMBITO CONDUCTUAL | G4: ÁMBITO SOCIOEMOCIONAL | H4: TOTAL | I4: SEMÁFORO | J4: OBSERVACIONES / NOTAS
A5: =IF(B5<>"",ROW()-4,"") | H5: =IF(B5="","",IFERROR(IF(D5="",0,VALUE(LEFT(D5,1)))+IF(E5="",0,VALUE(LEFT(E5,1)))+IF(F5="",0,VALUE(LEFT(F5,1)))+IF(G5="",0,VALUE(LEFT(G5,1))),0)) | I5: =IF(B5="","",IF(H5<=2,"🟢 VERDE",IF(H5<=5,"🟡 AMARILLO","🔴 ROJO")))
A6: =IF(B6<>"",ROW()-4,"") | H6: =IF(B6="","",IFERROR(IF(D6="",0,VALUE(LEFT(D6,1)))+IF(E6="",0,VALUE(LEFT(E6,1)))+IF(F6="",0,VALUE(LEFT(F6,1)))+IF(G6="",0,VALUE(LEFT(G6,1))),0)) | I6: =IF(B6="","",IF(H6<=2,"🟢 VERDE",IF(H6<=5,"🟡 AMARILLO","🔴 ROJO")))
A7: =IF(B7<>"",ROW()-4,"") | H7: =IF(B7="","",IFERROR(IF(D7="",0,VALUE(LEFT(D7,1)))+IF(E7="",0,VALUE(LEFT(E7,1)))+IF(F7="",0,VALUE(LEFT(F7,1)))+IF(G7="",0,VALUE(LEFT(G7,1))),0)) | I7: =IF(B7="","",IF(H7<=2,"🟢 VERDE",IF(H7<=5,"🟡 AMARILLO","🔴 ROJO")))
A8: =IF(B8<>"",ROW()-4,"") | H8: =IF(B8="","",IFERROR(IF(D8="",0,VALUE(LEFT(D8,1)))+IF(E8="",0,VALUE(LEFT(E8,1)))+IF(F8="",0,VALUE(LEFT(F8,1)))+IF(G8="",0,VALUE(LEFT(G8,1))),0)) | I8: =IF(B8="","",IF(H8<=2,"🟢 VERDE",IF(H8<=5,"🟡 AMARILLO","🔴 ROJO")))
A9: =IF(B9<>"",ROW()-4,"") | H9: =IF(B9="","",IFERROR(IF(D9="",0,VALUE(LEFT(D9,1)))+IF(E9="",0,VALUE(LEFT(E9,1)))+IF(F9="",0,VALUE(LEFT(F9,1)))+IF(G9="",0,VALUE(LEFT(G9,1))),0)) | I9: =IF(B9="","",IF(H9<=2,"🟢 VERDE",IF(H9<=5,"🟡 AMARILLO","🔴 ROJO")))
A10: =IF(B10<>"",ROW()-4,"") | H10: =IF(B10="","",IFERROR(IF(D10="",0,VALUE(LEFT(D10,1)))+IF(E10="",0,VALUE(LEFT(E10,1)))+IF(F10="",0,VALUE(LEFT(F10,1)))+IF(G10="",0,VALUE(LEFT(G10,1))),0)) | I10: =IF(B10="","",IF(H10<=2,"🟢 VERDE",IF(H10<=5,"🟡 AMARILLO","🔴 ROJO")))
A11: =IF(B11<>"",ROW()-4,"") | H11: =IF(B11="","",IFERROR(IF(D11="",0,VALUE(LEFT(D11,1)))+IF(E11="",0,VALUE(LEFT(E11,1)))+IF(F11="",0,VALUE(LEFT(F11,1)))+IF(G11="",0,VALUE(LEFT(G11,1))),0)) | I11: =IF(B11="","",IF(H11<=2,"🟢 VERDE",IF(H11<=5,"🟡 AMARILLO","🔴 ROJO")))
A12: =IF(B12<>"",ROW()-4,"") | H12: =IF(B12="","",IFERROR(IF(D12="",0,VALUE(LEFT(D12,1)))+IF(E12="",0,VALUE(LEFT(E12,1)))+IF(F12="",0,VALUE(LEFT(F12,1)))+IF(G12="",0,VALUE(LEFT(G12,1))),0)) | I12: =IF(B12="","",IF(H12<=2,"🟢 VERDE",IF(H12<=5,"🟡 AMARILLO","🔴 ROJO")))
A13: =IF(B13<>"",ROW()-4,"") | H13: =IF(B13="","",IFERROR(IF(D13="",0,VALUE(LEFT(D13,1)))+IF(E13="",0,VALUE(LEFT(E13,1)))+IF(F13="",0,VALUE(LEFT(F13,1)))+IF(G13="",0,VALUE(LEFT(G13,1))),0)) | I13: =IF(B13="","",IF(H13<=2,"🟢 VERDE",IF(H13<=5,"🟡 AMARILLO","🔴 ROJO")))
A14: =IF(B14<>"",ROW()-4,"") | H14: =IF(B14="","",IFERROR(IF(D14="",0,VALUE(LEFT(D14,1)))+IF(E14="",0,VALUE(LEFT(E14,1)))+IF(F14="",0,VALUE(LEFT(F14,1)))+IF(G14="",0,VALUE(LEFT(G14,1))),0)) | I14: =IF(B14="","",IF(H14<=2,"🟢 VERDE",IF(H14<=5,"🟡 AMARILLO","🔴 ROJO")))
A15: =IF(B15<>"",ROW()-4,"") | H15: =IF(B15="","",IFERROR(IF(D15="",0,VALUE(LEFT(D15,1)))+IF(E15="",0,VALUE(LEFT(E15,1)))+IF(F15="",0,VALUE(LEFT(F15,1)))+IF(G15="",0,VALUE(LEFT(G15,1))),0)) | I15: =IF(B15="","",IF(H15<=2,"🟢 VERDE",IF(H15<=5,"🟡 AMARILLO","🔴 ROJO")))
A16: =IF(B16<>"",ROW()-4,"") | H16: =IF(B16="","",IFERROR(IF(D16="",0,VALUE(LEFT(D16,1)))+IF(E16="",0,VALUE(LEFT(E16,1)))+IF(F16="",0,VALUE(LEFT(F16,1)))+IF(G16="",0,VALUE(LEFT(G16,1))),0)) | I16: =IF(B16="","",IF(H16<=2,"🟢 VERDE",IF(H16<=5,"🟡 AMARILLO","🔴 ROJO")))
... A54: =IF(B54<>"",ROW()-4,"") | H54: =IF(B54="","",IFERROR(IF(D54="",0,VALUE(LEFT(D54,1)))+IF(E54="",0,VALUE(LEFT(E54,1)))+IF(F54="",0,VALUE(LEFT(F54,1)))+IF(G54="",0,VALUE(LEFT(G54,1))),0)) | I54: =IF(B54="","",IF(H54<=2,"🟢 VERDE",IF(H54<=5,"🟡 AMARILLO","🔴 ROJO")))
A55: TOTALES CURSO 3mA | D55: =COUNTIF(D5:D54,"<>"&"") | E55: =COUNTIF(E5:E54,"<>"&"") | F55: =COUNTIF(F5:F54,"<>"&"") | G55: =COUNTIF(G5:G54,"<>"&"") | H55: =COUNTA(B5:B54) | I55: =COUNTIF(I5:I54,"🔴 ROJO")&" 🔴 "&COUNTIF(I5:I54,"🟡 AMARILLO")&" 🟡 "&COUNTIF(I5:I54,"🟢 VERDE")&" 🟢" | J55: ← Conteo: Rojo · Amarillo · Verde

Sheet 3mB
A1: CURSO 3mB — Registro de Seguimiento de Estudiantes
A2: PUNTAJES: 0 = Sin alerta / Regular 1 = Alerta leve 2 = Alerta moderada / Reiterada 3 = Alto riesgo │ SEMÁFORO: Verde 0-2 · Amarillo 3-5 · Rojo 6-12
D3: PUNTAJES POR ÁMBITO (seleccionar del menú desplegable) | H3: RESULTADO
A4: N° | B4: NOMBRE ESTUDIANTE | C4: MENTOR RESPONSABLE | D4: TRAYECTORIA EDUCATIVA | E4: ÁMBITO ACADÉMICO | F4: ÁMBITO CONDUCTUAL | G4: ÁMBITO SOCIOEMOCIONAL | H4: TOTAL | I4: SEMÁFORO | J4: OBSERVACIONES / NOTAS
A5: =IF(B5<>"",ROW()-4,"") | H5: =IF(B5="","",IFERROR(IF(D5="",0,VALUE(LEFT(D5,1)))+IF(E5="",0,VALUE(LEFT(E5,1)))+IF(F5="",0,VALUE(LEFT(F5,1)))+IF(G5="",0,VALUE(LEFT(G5,1))),0)) | I5: =IF(B5="","",IF(H5<=2,"🟢 VERDE",IF(H5<=5,"🟡 AMARILLO","🔴 ROJO")))
A6: =IF(B6<>"",ROW()-4,"") | H6: =IF(B6="","",IFERROR(IF(D6="",0,VALUE(LEFT(D6,1)))+IF(E6="",0,VALUE(LEFT(E6,1)))+IF(F6="",0,VALUE(LEFT(F6,1)))+IF(G6="",0,VALUE(LEFT(G6,1))),0)) | I6: =IF(B6="","",IF(H6<=2,"🟢 VERDE",IF(H6<=5,"🟡 AMARILLO","🔴 ROJO")))
A7: =IF(B7<>"",ROW()-4,"") | H7: =IF(B7="","",IFERROR(IF(D7="",0,VALUE(LEFT(D7,1)))+IF(E7="",0,VALUE(LEFT(E7,1)))+IF(F7="",0,VALUE(LEFT(F7,1)))+IF(G7="",0,VALUE(LEFT(G7,1))),0)) | I7: =IF(B7="","",IF(H7<=2,"🟢 VERDE",IF(H7<=5,"🟡 AMARILLO","🔴 ROJO")))
A8: =IF(B8<>"",ROW()-4,"") | H8: =IF(B8="","",IFERROR(IF(D8="",0,VALUE(LEFT(D8,1)))+IF(E8="",0,VALUE(LEFT(E8,1)))+IF(F8="",0,VALUE(LEFT(F8,1)))+IF(G8="",0,VALUE(LEFT(G8,1))),0)) | I8: =IF(B8="","",IF(H8<=2,"🟢 VERDE",IF(H8<=5,"🟡 AMARILLO","🔴 ROJO")))
A9: =IF(B9<>"",ROW()-4,"") | H9: =IF(B9="","",IFERROR(IF(D9="",0,VALUE(LEFT(D9,1)))+IF(E9="",0,VALUE(LEFT(E9,1)))+IF(F9="",0,VALUE(LEFT(F9,1)))+IF(G9="",0,VALUE(LEFT(G9,1))),0)) | I9: =IF(B9="","",IF(H9<=2,"🟢 VERDE",IF(H9<=5,"🟡 AMARILLO","🔴 ROJO")))
A10: =IF(B10<>"",ROW()-4,"") | H10: =IF(B10="","",IFERROR(IF(D10="",0,VALUE(LEFT(D10,1)))+IF(E10="",0,VALUE(LEFT(E10,1)))+IF(F10="",0,VALUE(LEFT(F10,1)))+IF(G10="",0,VALUE(LEFT(G10,1))),0)) | I10: =IF(B10="","",IF(H10<=2,"🟢 VERDE",IF(H10<=5,"🟡 AMARILLO","🔴 ROJO")))
A11: =IF(B11<>"",ROW()-4,"") | H11: =IF(B11="","",IFERROR(IF(D11="",0,VALUE(LEFT(D11,1)))+IF(E11="",0,VALUE(LEFT(E11,1)))+IF(F11="",0,VALUE(LEFT(F11,1)))+IF(G11="",0,VALUE(LEFT(G11,1))),0)) | I11: =IF(B11="","",IF(H11<=2,"🟢 VERDE",IF(H11<=5,"🟡 AMARILLO","🔴 ROJO")))
A12: =IF(B12<>"",ROW()-4,"") | H12: =IF(B12="","",IFERROR(IF(D12="",0,VALUE(LEFT(D12,1)))+IF(E12="",0,VALUE(LEFT(E12,1)))+IF(F12="",0,VALUE(LEFT(F12,1)))+IF(G12="",0,VALUE(LEFT(G12,1))),0)) | I12: =IF(B12="","",IF(H12<=2,"🟢 VERDE",IF(H12<=5,"🟡 AMARILLO","🔴 ROJO")))
A13: =IF(B13<>"",ROW()-4,"") | H13: =IF(B13="","",IFERROR(IF(D13="",0,VALUE(LEFT(D13,1)))+IF(E13="",0,VALUE(LEFT(E13,1)))+IF(F13="",0,VALUE(LEFT(F13,1)))+IF(G13="",0,VALUE(LEFT(G13,1))),0)) | I13: =IF(B13="","",IF(H13<=2,"🟢 VERDE",IF(H13<=5,"🟡 AMARILLO","🔴 ROJO")))
A14: =IF(B14<>"",ROW()-4,"") | H14: =IF(B14="","",IFERROR(IF(D14="",0,VALUE(LEFT(D14,1)))+IF(E14="",0,VALUE(LEFT(E14,1)))+IF(F14="",0,VALUE(LEFT(F14,1)))+IF(G14="",0,VALUE(LEFT(G14,1))),0)) | I14: =IF(B14="","",IF(H14<=2,"🟢 VERDE",IF(H14<=5,"🟡 AMARILLO","🔴 ROJO")))
A15: =IF(B15<>"",ROW()-4,"") | H15: =IF(B15="","",IFERROR(IF(D15="",0,VALUE(LEFT(D15,1)))+IF(E15="",0,VALUE(LEFT(E15,1)))+IF(F15="",0,VALUE(LEFT(F15,1)))+IF(G15="",0,VALUE(LEFT(G15,1))),0)) | I15: =IF(B15="","",IF(H15<=2,"🟢 VERDE",IF(H15<=5,"🟡 AMARILLO","🔴 ROJO")))
A16: =IF(B16<>"",ROW()-4,"") | H16: =IF(B16="","",IFERROR(IF(D16="",0,VALUE(LEFT(D16,1)))+IF(E16="",0,VALUE(LEFT(E16,1)))+IF(F16="",0,VALUE(LEFT(F16,1)))+IF(G16="",0,VALUE(LEFT(G16,1))),0)) | I16: =IF(B16="","",IF(H16<=2,"🟢 VERDE",IF(H16<=5,"🟡 AMARILLO","🔴 ROJO")))
... A54: =IF(B54<>"",ROW()-4,"") | H54: =IF(B54="","",IFERROR(IF(D54="",0,VALUE(LEFT(D54,1)))+IF(E54="",0,VALUE(LEFT(E54,1)))+IF(F54="",0,VALUE(LEFT(F54,1)))+IF(G54="",0,VALUE(LEFT(G54,1))),0)) | I54: =IF(B54="","",IF(H54<=2,"🟢 VERDE",IF(H54<=5,"🟡 AMARILLO","🔴 ROJO")))
A55: TOTALES CURSO 3mB | D55: =COUNTIF(D5:D54,"<>"&"") | E55: =COUNTIF(E5:E54,"<>"&"") | F55: =COUNTIF(F5:F54,"<>"&"") | G55: =COUNTIF(G5:G54,"<>"&"") | H55: =COUNTA(B5:B54) | I55: =COUNTIF(I5:I54,"🔴 ROJO")&" 🔴 "&COUNTIF(I5:I54,"🟡 AMARILLO")&" 🟡 "&COUNTIF(I5:I54,"🟢 VERDE")&" 🟢" | J55: ← Conteo: Rojo · Amarillo · Verde

Sheet 3mC
A1: CURSO 3mC — Registro de Seguimiento de Estudiantes
A2: PUNTAJES: 0 = Sin alerta / Regular 1 = Alerta leve 2 = Alerta moderada / Reiterada 3 = Alto riesgo │ SEMÁFORO: Verde 0-2 · Amarillo 3-5 · Rojo 6-12
D3: PUNTAJES POR ÁMBITO (seleccionar del menú desplegable) | H3: RESULTADO
A4: N° | B4: NOMBRE ESTUDIANTE | C4: MENTOR RESPONSABLE | D4: TRAYECTORIA EDUCATIVA | E4: ÁMBITO ACADÉMICO | F4: ÁMBITO CONDUCTUAL | G4: ÁMBITO SOCIOEMOCIONAL | H4: TOTAL | I4: SEMÁFORO | J4: OBSERVACIONES / NOTAS
A5: =IF(B5<>"",ROW()-4,"") | H5: =IF(B5="","",IFERROR(IF(D5="",0,VALUE(LEFT(D5,1)))+IF(E5="",0,VALUE(LEFT(E5,1)))+IF(F5="",0,VALUE(LEFT(F5,1)))+IF(G5="",0,VALUE(LEFT(G5,1))),0)) | I5: =IF(B5="","",IF(H5<=2,"🟢 VERDE",IF(H5<=5,"🟡 AMARILLO","🔴 ROJO")))
A6: =IF(B6<>"",ROW()-4,"") | H6: =IF(B6="","",IFERROR(IF(D6="",0,VALUE(LEFT(D6,1)))+IF(E6="",0,VALUE(LEFT(E6,1)))+IF(F6="",0,VALUE(LEFT(F6,1)))+IF(G6="",0,VALUE(LEFT(G6,1))),0)) | I6: =IF(B6="","",IF(H6<=2,"🟢 VERDE",IF(H6<=5,"🟡 AMARILLO","🔴 ROJO")))
A7: =IF(B7<>"",ROW()-4,"") | H7: =IF(B7="","",IFERROR(IF(D7="",0,VALUE(LEFT(D7,1)))+IF(E7="",0,VALUE(LEFT(E7,1)))+IF(F7="",0,VALUE(LEFT(F7,1)))+IF(G7="",0,VALUE(LEFT(G7,1))),0)) | I7: =IF(B7="","",IF(H7<=2,"🟢 VERDE",IF(H7<=5,"🟡 AMARILLO","🔴 ROJO")))
A8: =IF(B8<>"",ROW()-4,"") | H8: =IF(B8="","",IFERROR(IF(D8="",0,VALUE(LEFT(D8,1)))+IF(E8="",0,VALUE(LEFT(E8,1)))+IF(F8="",0,VALUE(LEFT(F8,1)))+IF(G8="",0,VALUE(LEFT(G8,1))),0)) | I8: =IF(B8="","",IF(H8<=2,"🟢 VERDE",IF(H8<=5,"🟡 AMARILLO","🔴 ROJO")))
A9: =IF(B9<>"",ROW()-4,"") | H9: =IF(B9="","",IFERROR(IF(D9="",0,VALUE(LEFT(D9,1)))+IF(E9="",0,VALUE(LEFT(E9,1)))+IF(F9="",0,VALUE(LEFT(F9,1)))+IF(G9="",0,VALUE(LEFT(G9,1))),0)) | I9: =IF(B9="","",IF(H9<=2,"🟢 VERDE",IF(H9<=5,"🟡 AMARILLO","🔴 ROJO")))
A10: =IF(B10<>"",ROW()-4,"") | H10: =IF(B10="","",IFERROR(IF(D10="",0,VALUE(LEFT(D10,1)))+IF(E10="",0,VALUE(LEFT(E10,1)))+IF(F10="",0,VALUE(LEFT(F10,1)))+IF(G10="",0,VALUE(LEFT(G10,1))),0)) | I10: =IF(B10="","",IF(H10<=2,"🟢 VERDE",IF(H10<=5,"🟡 AMARILLO","🔴 ROJO")))
A11: =IF(B11<>"",ROW()-4,"") | H11: =IF(B11="","",IFERROR(IF(D11="",0,VALUE(LEFT(D11,1)))+IF(E11="",0,VALUE(LEFT(E11,1)))+IF(F11="",0,VALUE(LEFT(F11,1)))+IF(G11="",0,VALUE(LEFT(G11,1))),0)) | I11: =IF(B11="","",IF(H11<=2,"🟢 VERDE",IF(H11<=5,"🟡 AMARILLO","🔴 ROJO")))
A12: =IF(B12<>"",ROW()-4,"") | H12: =IF(B12="","",IFERROR(IF(D12="",0,VALUE(LEFT(D12,1)))+IF(E12="",0,VALUE(LEFT(E12,1)))+IF(F12="",0,VALUE(LEFT(F12,1)))+IF(G12="",0,VALUE(LEFT(G12,1))),0)) | I12: =IF(B12="","",IF(H12<=2,"🟢 VERDE",IF(H12<=5,"🟡 AMARILLO","🔴 ROJO")))
A13: =IF(B13<>"",ROW()-4,"") | H13: =IF(B13="","",IFERROR(IF(D13="",0,VALUE(LEFT(D13,1)))+IF(E13="",0,VALUE(LEFT(E13,1)))+IF(F13="",0,VALUE(LEFT(F13,1)))+IF(G13="",0,VALUE(LEFT(G13,1))),0)) | I13: =IF(B13="","",IF(H13<=2,"🟢 VERDE",IF(H13<=5,"🟡 AMARILLO","🔴 ROJO")))
A14: =IF(B14<>"",ROW()-4,"") | H14: =IF(B14="","",IFERROR(IF(D14="",0,VALUE(LEFT(D14,1)))+IF(E14="",0,VALUE(LEFT(E14,1)))+IF(F14="",0,VALUE(LEFT(F14,1)))+IF(G14="",0,VALUE(LEFT(G14,1))),0)) | I14: =IF(B14="","",IF(H14<=2,"🟢 VERDE",IF(H14<=5,"🟡 AMARILLO","🔴 ROJO")))
A15: =IF(B15<>"",ROW()-4,"") | H15: =IF(B15="","",IFERROR(IF(D15="",0,VALUE(LEFT(D15,1)))+IF(E15="",0,VALUE(LEFT(E15,1)))+IF(F15="",0,VALUE(LEFT(F15,1)))+IF(G15="",0,VALUE(LEFT(G15,1))),0)) | I15: =IF(B15="","",IF(H15<=2,"🟢 VERDE",IF(H15<=5,"🟡 AMARILLO","🔴 ROJO")))
A16: =IF(B16<>"",ROW()-4,"") | H16: =IF(B16="","",IFERROR(IF(D16="",0,VALUE(LEFT(D16,1)))+IF(E16="",0,VALUE(LEFT(E16,1)))+IF(F16="",0,VALUE(LEFT(F16,1)))+IF(G16="",0,VALUE(LEFT(G16,1))),0)) | I16: =IF(B16="","",IF(H16<=2,"🟢 VERDE",IF(H16<=5,"🟡 AMARILLO","🔴 ROJO")))
... A54: =IF(B54<>"",ROW()-4,"") | H54: =IF(B54="","",IFERROR(IF(D54="",0,VALUE(LEFT(D54,1)))+IF(E54="",0,VALUE(LEFT(E54,1)))+IF(F54="",0,VALUE(LEFT(F54,1)))+IF(G54="",0,VALUE(LEFT(G54,1))),0)) | I54: =IF(B54="","",IF(H54<=2,"🟢 VERDE",IF(H54<=5,"🟡 AMARILLO","🔴 ROJO")))
A55: TOTALES CURSO 3mC | D55: =COUNTIF(D5:D54,"<>"&"") | E55: =COUNTIF(E5:E54,"<>"&"") | F55: =COUNTIF(F5:F54,"<>"&"") | G55: =COUNTIF(G5:G54,"<>"&"") | H55: =COUNTA(B5:B54) | I55: =COUNTIF(I5:I54,"🔴 ROJO")&" 🔴 "&COUNTIF(I5:I54,"🟡 AMARILLO")&" 🟡 "&COUNTIF(I5:I54,"🟢 VERDE")&" 🟢" | J55: ← Conteo: Rojo · Amarillo · Verde

Sheet 3mD
A1: CURSO 3mD — Registro de Seguimiento de Estudiantes
A2: PUNTAJES: 0 = Sin alerta / Regular 1 = Alerta leve 2 = Alerta moderada / Reiterada 3 = Alto riesgo │ SEMÁFORO: Verde 0-2 · Amarillo 3-5 · Rojo 6-12
D3: PUNTAJES POR ÁMBITO (seleccionar del menú desplegable) | H3: RESULTADO
A4: N° | B4: NOMBRE ESTUDIANTE | C4: MENTOR RESPONSABLE | D4: TRAYECTORIA EDUCATIVA | E4: ÁMBITO ACADÉMICO | F4: ÁMBITO CONDUCTUAL | G4: ÁMBITO SOCIOEMOCIONAL | H4: TOTAL | I4: SEMÁFORO | J4: OBSERVACIONES / NOTAS
A5: =IF(B5<>"",ROW()-4,"") | H5: =IF(B5="","",IFERROR(IF(D5="",0,VALUE(LEFT(D5,1)))+IF(E5="",0,VALUE(LEFT(E5,1)))+IF(F5="",0,VALUE(LEFT(F5,1)))+IF(G5="",0,VALUE(LEFT(G5,1))),0)) | I5: =IF(B5="","",IF(H5<=2,"🟢 VERDE",IF(H5<=5,"🟡 AMARILLO","🔴 ROJO")))
A6: =IF(B6<>"",ROW()-4,"") | H6: =IF(B6="","",IFERROR(IF(D6="",0,VALUE(LEFT(D6,1)))+IF(E6="",0,VALUE(LEFT(E6,1)))+IF(F6="",0,VALUE(LEFT(F6,1)))+IF(G6="",0,VALUE(LEFT(G6,1))),0)) | I6: =IF(B6="","",IF(H6<=2,"🟢 VERDE",IF(H6<=5,"🟡 AMARILLO","🔴 ROJO")))
A7: =IF(B7<>"",ROW()-4,"") | H7: =IF(B7="","",IFERROR(IF(D7="",0,VALUE(LEFT(D7,1)))+IF(E7="",0,VALUE(LEFT(E7,1)))+IF(F7="",0,VALUE(LEFT(F7,1)))+IF(G7="",0,VALUE(LEFT(G7,1))),0)) | I7: =IF(B7="","",IF(H7<=2,"🟢 VERDE",IF(H7<=5,"🟡 AMARILLO","🔴 ROJO")))
A8: =IF(B8<>"",ROW()-4,"") | H8: =IF(B8="","",IFERROR(IF(D8="",0,VALUE(LEFT(D8,1)))+IF(E8="",0,VALUE(LEFT(E8,1)))+IF(F8="",0,VALUE(LEFT(F8,1)))+IF(G8="",0,VALUE(LEFT(G8,1))),0)) | I8: =IF(B8="","",IF(H8<=2,"🟢 VERDE",IF(H8<=5,"🟡 AMARILLO","🔴 ROJO")))
A9: =IF(B9<>"",ROW()-4,"") | H9: =IF(B9="","",IFERROR(IF(D9="",0,VALUE(LEFT(D9,1)))+IF(E9="",0,VALUE(LEFT(E9,1)))+IF(F9="",0,VALUE(LEFT(F9,1)))+IF(G9="",0,VALUE(LEFT(G9,1))),0)) | I9: =IF(B9="","",IF(H9<=2,"🟢 VERDE",IF(H9<=5,"🟡 AMARILLO","🔴 ROJO")))
A10: =IF(B10<>"",ROW()-4,"") | H10: =IF(B10="","",IFERROR(IF(D10="",0,VALUE(LEFT(D10,1)))+IF(E10="",0,VALUE(LEFT(E10,1)))+IF(F10="",0,VALUE(LEFT(F10,1)))+IF(G10="",0,VALUE(LEFT(G10,1))),0)) | I10: =IF(B10="","",IF(H10<=2,"🟢 VERDE",IF(H10<=5,"🟡 AMARILLO","🔴 ROJO")))
A11: =IF(B11<>"",ROW()-4,"") | H11: =IF(B11="","",IFERROR(IF(D11="",0,VALUE(LEFT(D11,1)))+IF(E11="",0,VALUE(LEFT(E11,1)))+IF(F11="",0,VALUE(LEFT(F11,1)))+IF(G11="",0,VALUE(LEFT(G11,1))),0)) | I11: =IF(B11="","",IF(H11<=2,"🟢 VERDE",IF(H11<=5,"🟡 AMARILLO","🔴 ROJO")))
A12: =IF(B12<>"",ROW()-4,"") | H12: =IF(B12="","",IFERROR(IF(D12="",0,VALUE(LEFT(D12,1)))+IF(E12="",0,VALUE(LEFT(E12,1)))+IF(F12="",0,VALUE(LEFT(F12,1)))+IF(G12="",0,VALUE(LEFT(G12,1))),0)) | I12: =IF(B12="","",IF(H12<=2,"🟢 VERDE",IF(H12<=5,"🟡 AMARILLO","🔴 ROJO")))
A13: =IF(B13<>"",ROW()-4,"") | H13: =IF(B13="","",IFERROR(IF(D13="",0,VALUE(LEFT(D13,1)))+IF(E13="",0,VALUE(LEFT(E13,1)))+IF(F13="",0,VALUE(LEFT(F13,1)))+IF(G13="",0,VALUE(LEFT(G13,1))),0)) | I13: =IF(B13="","",IF(H13<=2,"🟢 VERDE",IF(H13<=5,"🟡 AMARILLO","🔴 ROJO")))
A14: =IF(B14<>"",ROW()-4,"") | H14: =IF(B14="","",IFERROR(IF(D14="",0,VALUE(LEFT(D14,1)))+IF(E14="",0,VALUE(LEFT(E14,1)))+IF(F14="",0,VALUE(LEFT(F14,1)))+IF(G14="",0,VALUE(LEFT(G14,1))),0)) | I14: =IF(B14="","",IF(H14<=2,"🟢 VERDE",IF(H14<=5,"🟡 AMARILLO","🔴 ROJO")))
A15: =IF(B15<>"",ROW()-4,"") | H15: =IF(B15="","",IFERROR(IF(D15="",0,VALUE(LEFT(D15,1)))+IF(E15="",0,VALUE(LEFT(E15,1)))+IF(F15="",0,VALUE(LEFT(F15,1)))+IF(G15="",0,VALUE(LEFT(G15,1))),0)) | I15: =IF(B15="","",IF(H15<=2,"🟢 VERDE",IF(H15<=5,"🟡 AMARILLO","🔴 ROJO")))
A16: =IF(B16<>"",ROW()-4,"") | H16: =IF(B16="","",IFERROR(IF(D16="",0,VALUE(LEFT(D16,1)))+IF(E16="",0,VALUE(LEFT(E16,1)))+IF(F16="",0,VALUE(LEFT(F16,1)))+IF(G16="",0,VALUE(LEFT(G16,1))),0)) | I16: =IF(B16="","",IF(H16<=2,"🟢 VERDE",IF(H16<=5,"🟡 AMARILLO","🔴 ROJO")))
... A54: =IF(B54<>"",ROW()-4,"") | H54: =IF(B54="","",IFERROR(IF(D54="",0,VALUE(LEFT(D54,1)))+IF(E54="",0,VALUE(LEFT(E54,1)))+IF(F54="",0,VALUE(LEFT(F54,1)))+IF(G54="",0,VALUE(LEFT(G54,1))),0)) | I54: =IF(B54="","",IF(H54<=2,"🟢 VERDE",IF(H54<=5,"🟡 AMARILLO","🔴 ROJO")))
A55: TOTALES CURSO 3mD | D55: =COUNTIF(D5:D54,"<>"&"") | E55: =COUNTIF(E5:E54,"<>"&"") | F55: =COUNTIF(F5:F54,"<>"&"") | G55: =COUNTIF(G5:G54,"<>"&"") | H55: =COUNTA(B5:B54) | I55: =COUNTIF(I5:I54,"🔴 ROJO")&" 🔴 "&COUNTIF(I5:I54,"🟡 AMARILLO")&" 🟡 "&COUNTIF(I5:I54,"🟢 VERDE")&" 🟢" | J55: ← Conteo: Rojo · Amarillo · Verde

Sheet 4mA
A1: CURSO 4mA — Registro de Seguimiento de Estudiantes
A2: PUNTAJES: 0 = Sin alerta / Regular 1 = Alerta leve 2 = Alerta moderada / Reiterada 3 = Alto riesgo │ SEMÁFORO: Verde 0-2 · Amarillo 3-5 · Rojo 6-12
D3: PUNTAJES POR ÁMBITO (seleccionar del menú desplegable) | H3: RESULTADO
A4: N° | B4: NOMBRE ESTUDIANTE | C4: MENTOR RESPONSABLE | D4: TRAYECTORIA EDUCATIVA | E4: ÁMBITO ACADÉMICO | F4: ÁMBITO CONDUCTUAL | G4: ÁMBITO SOCIOEMOCIONAL | H4: TOTAL | I4: SEMÁFORO | J4: OBSERVACIONES / NOTAS
A5: =IF(B5<>"",ROW()-4,"") | H5: =IF(B5="","",IFERROR(IF(D5="",0,VALUE(LEFT(D5,1)))+IF(E5="",0,VALUE(LEFT(E5,1)))+IF(F5="",0,VALUE(LEFT(F5,1)))+IF(G5="",0,VALUE(LEFT(G5,1))),0)) | I5: =IF(B5="","",IF(H5<=2,"🟢 VERDE",IF(H5<=5,"🟡 AMARILLO","🔴 ROJO")))
A6: =IF(B6<>"",ROW()-4,"") | H6: =IF(B6="","",IFERROR(IF(D6="",0,VALUE(LEFT(D6,1)))+IF(E6="",0,VALUE(LEFT(E6,1)))+IF(F6="",0,VALUE(LEFT(F6,1)))+IF(G6="",0,VALUE(LEFT(G6,1))),0)) | I6: =IF(B6="","",IF(H6<=2,"🟢 VERDE",IF(H6<=5,"🟡 AMARILLO","🔴 ROJO")))
A7: =IF(B7<>"",ROW()-4,"") | H7: =IF(B7="","",IFERROR(IF(D7="",0,VALUE(LEFT(D7,1)))+IF(E7="",0,VALUE(LEFT(E7,1)))+IF(F7="",0,VALUE(LEFT(F7,1)))+IF(G7="",0,VALUE(LEFT(G7,1))),0)) | I7: =IF(B7="","",IF(H7<=2,"🟢 VERDE",IF(H7<=5,"🟡 AMARILLO","🔴 ROJO")))
A8: =IF(B8<>"",ROW()-4,"") | H8: =IF(B8="","",IFERROR(IF(D8="",0,VALUE(LEFT(D8,1)))+IF(E8="",0,VALUE(LEFT(E8,1)))+IF(F8="",0,VALUE(LEFT(F8,1)))+IF(G8="",0,VALUE(LEFT(G8,1))),0)) | I8: =IF(B8="","",IF(H8<=2,"🟢 VERDE",IF(H8<=5,"🟡 AMARILLO","🔴 ROJO")))
A9: =IF(B9<>"",ROW()-4,"") | H9: =IF(B9="","",IFERROR(IF(D9="",0,VALUE(LEFT(D9,1)))+IF(E9="",0,VALUE(LEFT(E9,1)))+IF(F9="",0,VALUE(LEFT(F9,1)))+IF(G9="",0,VALUE(LEFT(G9,1))),0)) | I9: =IF(B9="","",IF(H9<=2,"🟢 VERDE",IF(H9<=5,"🟡 AMARILLO","🔴 ROJO")))
A10: =IF(B10<>"",ROW()-4,"") | H10: =IF(B10="","",IFERROR(IF(D10="",0,VALUE(LEFT(D10,1)))+IF(E10="",0,VALUE(LEFT(E10,1)))+IF(F10="",0,VALUE(LEFT(F10,1)))+IF(G10="",0,VALUE(LEFT(G10,1))),0)) | I10: =IF(B10="","",IF(H10<=2,"🟢 VERDE",IF(H10<=5,"🟡 AMARILLO","🔴 ROJO")))
A11: =IF(B11<>"",ROW()-4,"") | H11: =IF(B11="","",IFERROR(IF(D11="",0,VALUE(LEFT(D11,1)))+IF(E11="",0,VALUE(LEFT(E11,1)))+IF(F11="",0,VALUE(LEFT(F11,1)))+IF(G11="",0,VALUE(LEFT(G11,1))),0)) | I11: =IF(B11="","",IF(H11<=2,"🟢 VERDE",IF(H11<=5,"🟡 AMARILLO","🔴 ROJO")))
A12: =IF(B12<>"",ROW()-4,"") | H12: =IF(B12="","",IFERROR(IF(D12="",0,VALUE(LEFT(D12,1)))+IF(E12="",0,VALUE(LEFT(E12,1)))+IF(F12="",0,VALUE(LEFT(F12,1)))+IF(G12="",0,VALUE(LEFT(G12,1))),0)) | I12: =IF(B12="","",IF(H12<=2,"🟢 VERDE",IF(H12<=5,"🟡 AMARILLO","🔴 ROJO")))
A13: =IF(B13<>"",ROW()-4,"") | H13: =IF(B13="","",IFERROR(IF(D13="",0,VALUE(LEFT(D13,1)))+IF(E13="",0,VALUE(LEFT(E13,1)))+IF(F13="",0,VALUE(LEFT(F13,1)))+IF(G13="",0,VALUE(LEFT(G13,1))),0)) | I13: =IF(B13="","",IF(H13<=2,"🟢 VERDE",IF(H13<=5,"🟡 AMARILLO","🔴 ROJO")))
A14: =IF(B14<>"",ROW()-4,"") | H14: =IF(B14="","",IFERROR(IF(D14="",0,VALUE(LEFT(D14,1)))+IF(E14="",0,VALUE(LEFT(E14,1)))+IF(F14="",0,VALUE(LEFT(F14,1)))+IF(G14="",0,VALUE(LEFT(G14,1))),0)) | I14: =IF(B14="","",IF(H14<=2,"🟢 VERDE",IF(H14<=5,"🟡 AMARILLO","🔴 ROJO")))
A15: =IF(B15<>"",ROW()-4,"") | H15: =IF(B15="","",IFERROR(IF(D15="",0,VALUE(LEFT(D15,1)))+IF(E15="",0,VALUE(LEFT(E15,1)))+IF(F15="",0,VALUE(LEFT(F15,1)))+IF(G15="",0,VALUE(LEFT(G15,1))),0)) | I15: =IF(B15="","",IF(H15<=2,"🟢 VERDE",IF(H15<=5,"🟡 AMARILLO","🔴 ROJO")))
A16: =IF(B16<>"",ROW()-4,"") | H16: =IF(B16="","",IFERROR(IF(D16="",0,VALUE(LEFT(D16,1)))+IF(E16="",0,VALUE(LEFT(E16,1)))+IF(F16="",0,VALUE(LEFT(F16,1)))+IF(G16="",0,VALUE(LEFT(G16,1))),0)) | I16: =IF(B16="","",IF(H16<=2,"🟢 VERDE",IF(H16<=5,"🟡 AMARILLO","🔴 ROJO")))
... A54: =IF(B54<>"",ROW()-4,"") | H54: =IF(B54="","",IFERROR(IF(D54="",0,VALUE(LEFT(D54,1)))+IF(E54="",0,VALUE(LEFT(E54,1)))+IF(F54="",0,VALUE(LEFT(F54,1)))+IF(G54="",0,VALUE(LEFT(G54,1))),0)) | I54: =IF(B54="","",IF(H54<=2,"🟢 VERDE",IF(H54<=5,"🟡 AMARILLO","🔴 ROJO")))
A55: TOTALES CURSO 4mA | D55: =COUNTIF(D5:D54,"<>"&"") | E55: =COUNTIF(E5:E54,"<>"&"") | F55: =COUNTIF(F5:F54,"<>"&"") | G55: =COUNTIF(G5:G54,"<>"&"") | H55: =COUNTA(B5:B54) | I55: =COUNTIF(I5:I54,"🔴 ROJO")&" 🔴 "&COUNTIF(I5:I54,"🟡 AMARILLO")&" 🟡 "&COUNTIF(I5:I54,"🟢 VERDE")&" 🟢" | J55: ← Conteo: Rojo · Amarillo · Verde

Sheet 4mB
A1: CURSO 4mB — Registro de Seguimiento de Estudiantes
A2: PUNTAJES: 0 = Sin alerta / Regular 1 = Alerta leve 2 = Alerta moderada / Reiterada 3 = Alto riesgo │ SEMÁFORO: Verde 0-2 · Amarillo 3-5 · Rojo 6-12
D3: PUNTAJES POR ÁMBITO (seleccionar del menú desplegable) | H3: RESULTADO
A4: N° | B4: NOMBRE ESTUDIANTE | C4: MENTOR RESPONSABLE | D4: TRAYECTORIA EDUCATIVA | E4: ÁMBITO ACADÉMICO | F4: ÁMBITO CONDUCTUAL | G4: ÁMBITO SOCIOEMOCIONAL | H4: TOTAL | I4: SEMÁFORO | J4: OBSERVACIONES / NOTAS
A5: =IF(B5<>"",ROW()-4,"") | H5: =IF(B5="","",IFERROR(IF(D5="",0,VALUE(LEFT(D5,1)))+IF(E5="",0,VALUE(LEFT(E5,1)))+IF(F5="",0,VALUE(LEFT(F5,1)))+IF(G5="",0,VALUE(LEFT(G5,1))),0)) | I5: =IF(B5="","",IF(H5<=2,"🟢 VERDE",IF(H5<=5,"🟡 AMARILLO","🔴 ROJO")))
A6: =IF(B6<>"",ROW()-4,"") | H6: =IF(B6="","",IFERROR(IF(D6="",0,VALUE(LEFT(D6,1)))+IF(E6="",0,VALUE(LEFT(E6,1)))+IF(F6="",0,VALUE(LEFT(F6,1)))+IF(G6="",0,VALUE(LEFT(G6,1))),0)) | I6: =IF(B6="","",IF(H6<=2,"🟢 VERDE",IF(H6<=5,"🟡 AMARILLO","🔴 ROJO")))
A7: =IF(B7<>"",ROW()-4,"") | H7: =IF(B7="","",IFERROR(IF(D7="",0,VALUE(LEFT(D7,1)))+IF(E7="",0,VALUE(LEFT(E7,1)))+IF(F7="",0,VALUE(LEFT(F7,1)))+IF(G7="",0,VALUE(LEFT(G7,1))),0)) | I7: =IF(B7="","",IF(H7<=2,"🟢 VERDE",IF(H7<=5,"🟡 AMARILLO","🔴 ROJO")))
A8: =IF(B8<>"",ROW()-4,"") | H8: =IF(B8="","",IFERROR(IF(D8="",0,VALUE(LEFT(D8,1)))+IF(E8="",0,VALUE(LEFT(E8,1)))+IF(F8="",0,VALUE(LEFT(F8,1)))+IF(G8="",0,VALUE(LEFT(G8,1))),0)) | I8: =IF(B8="","",IF(H8<=2,"🟢 VERDE",IF(H8<=5,"🟡 AMARILLO","🔴 ROJO")))
A9: =IF(B9<>"",ROW()-4,"") | H9: =IF(B9="","",IFERROR(IF(D9="",0,VALUE(LEFT(D9,1)))+IF(E9="",0,VALUE(LEFT(E9,1)))+IF(F9="",0,VALUE(LEFT(F9,1)))+IF(G9="",0,VALUE(LEFT(G9,1))),0)) | I9: =IF(B9="","",IF(H9<=2,"🟢 VERDE",IF(H9<=5,"🟡 AMARILLO","🔴 ROJO")))
A10: =IF(B10<>"",ROW()-4,"") | H10: =IF(B10="","",IFERROR(IF(D10="",0,VALUE(LEFT(D10,1)))+IF(E10="",0,VALUE(LEFT(E10,1)))+IF(F10="",0,VALUE(LEFT(F10,1)))+IF(G10="",0,VALUE(LEFT(G10,1))),0)) | I10: =IF(B10="","",IF(H10<=2,"🟢 VERDE",IF(H10<=5,"🟡 AMARILLO","🔴 ROJO")))
A11: =IF(B11<>"",ROW()-4,"") | H11: =IF(B11="","",IFERROR(IF(D11="",0,VALUE(LEFT(D11,1)))+IF(E11="",0,VALUE(LEFT(E11,1)))+IF(F11="",0,VALUE(LEFT(F11,1)))+IF(G11="",0,VALUE(LEFT(G11,1))),0)) | I11: =IF(B11="","",IF(H11<=2,"🟢 VERDE",IF(H11<=5,"🟡 AMARILLO","🔴 ROJO")))
A12: =IF(B12<>"",ROW()-4,"") | H12: =IF(B12="","",IFERROR(IF(D12="",0,VALUE(LEFT(D12,1)))+IF(E12="",0,VALUE(LEFT(E12,1)))+IF(F12="",0,VALUE(LEFT(F12,1)))+IF(G12="",0,VALUE(LEFT(G12,1))),0)) | I12: =IF(B12="","",IF(H12<=2,"🟢 VERDE",IF(H12<=5,"🟡 AMARILLO","🔴 ROJO")))
A13: =IF(B13<>"",ROW()-4,"") | H13: =IF(B13="","",IFERROR(IF(D13="",0,VALUE(LEFT(D13,1)))+IF(E13="",0,VALUE(LEFT(E13,1)))+IF(F13="",0,VALUE(LEFT(F13,1)))+IF(G13="",0,VALUE(LEFT(G13,1))),0)) | I13: =IF(B13="","",IF(H13<=2,"🟢 VERDE",IF(H13<=5,"🟡 AMARILLO","🔴 ROJO")))
A14: =IF(B14<>"",ROW()-4,"") | H14: =IF(B14="","",IFERROR(IF(D14="",0,VALUE(LEFT(D14,1)))+IF(E14="",0,VALUE(LEFT(E14,1)))+IF(F14="",0,VALUE(LEFT(F14,1)))+IF(G14="",0,VALUE(LEFT(G14,1))),0)) | I14: =IF(B14="","",IF(H14<=2,"🟢 VERDE",IF(H14<=5,"🟡 AMARILLO","🔴 ROJO")))
A15: =IF(B15<>"",ROW()-4,"") | H15: =IF(B15="","",IFERROR(IF(D15="",0,VALUE(LEFT(D15,1)))+IF(E15="",0,VALUE(LEFT(E15,1)))+IF(F15="",0,VALUE(LEFT(F15,1)))+IF(G15="",0,VALUE(LEFT(G15,1))),0)) | I15: =IF(B15="","",IF(H15<=2,"🟢 VERDE",IF(H15<=5,"🟡 AMARILLO","🔴 ROJO")))
A16: =IF(B16<>"",ROW()-4,"") | H16: =IF(B16="","",IFERROR(IF(D16="",0,VALUE(LEFT(D16,1)))+IF(E16="",0,VALUE(LEFT(E16,1)))+IF(F16="",0,VALUE(LEFT(F16,1)))+IF(G16="",0,VALUE(LEFT(G16,1))),0)) | I16: =IF(B16="","",IF(H16<=2,"🟢 VERDE",IF(H16<=5,"🟡 AMARILLO","🔴 ROJO")))
... A54: =IF(B54<>"",ROW()-4,"") | H54: =IF(B54="","",IFERROR(IF(D54="",0,VALUE(LEFT(D54,1)))+IF(E54="",0,VALUE(LEFT(E54,1)))+IF(F54="",0,VALUE(LEFT(F54,1)))+IF(G54="",0,VALUE(LEFT(G54,1))),0)) | I54: =IF(B54="","",IF(H54<=2,"🟢 VERDE",IF(H54<=5,"🟡 AMARILLO","🔴 ROJO")))
A55: TOTALES CURSO 4mB | D55: =COUNTIF(D5:D54,"<>"&"") | E55: =COUNTIF(E5:E54,"<>"&"") | F55: =COUNTIF(F5:F54,"<>"&"") | G55: =COUNTIF(G5:G54,"<>"&"") | H55: =COUNTA(B5:B54) | I55: =COUNTIF(I5:I54,"🔴 ROJO")&" 🔴 "&COUNTIF(I5:I54,"🟡 AMARILLO")&" 🟡 "&COUNTIF(I5:I54,"🟢 VERDE")&" 🟢" | J55: ← Conteo: Rojo · Amarillo · Verde

Sheet 4mC
A1: CURSO 4mC — Registro de Seguimiento de Estudiantes
A2: PUNTAJES: 0 = Sin alerta / Regular 1 = Alerta leve 2 = Alerta moderada / Reiterada 3 = Alto riesgo │ SEMÁFORO: Verde 0-2 · Amarillo 3-5 · Rojo 6-12
D3: PUNTAJES POR ÁMBITO (seleccionar del menú desplegable) | H3: RESULTADO
A4: N° | B4: NOMBRE ESTUDIANTE | C4: MENTOR RESPONSABLE | D4: TRAYECTORIA EDUCATIVA | E4: ÁMBITO ACADÉMICO | F4: ÁMBITO CONDUCTUAL | G4: ÁMBITO SOCIOEMOCIONAL | H4: TOTAL | I4: SEMÁFORO | J4: OBSERVACIONES / NOTAS
A5: =IF(B5<>"",ROW()-4,"") | H5: =IF(B5="","",IFERROR(IF(D5="",0,VALUE(LEFT(D5,1)))+IF(E5="",0,VALUE(LEFT(E5,1)))+IF(F5="",0,VALUE(LEFT(F5,1)))+IF(G5="",0,VALUE(LEFT(G5,1))),0)) | I5: =IF(B5="","",IF(H5<=2,"🟢 VERDE",IF(H5<=5,"🟡 AMARILLO","🔴 ROJO")))
A6: =IF(B6<>"",ROW()-4,"") | H6: =IF(B6="","",IFERROR(IF(D6="",0,VALUE(LEFT(D6,1)))+IF(E6="",0,VALUE(LEFT(E6,1)))+IF(F6="",0,VALUE(LEFT(F6,1)))+IF(G6="",0,VALUE(LEFT(G6,1))),0)) | I6: =IF(B6="","",IF(H6<=2,"🟢 VERDE",IF(H6<=5,"🟡 AMARILLO","🔴 ROJO")))
A7: =IF(B7<>"",ROW()-4,"") | H7: =IF(B7="","",IFERROR(IF(D7="",0,VALUE(LEFT(D7,1)))+IF(E7="",0,VALUE(LEFT(E7,1)))+IF(F7="",0,VALUE(LEFT(F7,1)))+IF(G7="",0,VALUE(LEFT(G7,1))),0)) | I7: =IF(B7="","",IF(H7<=2,"🟢 VERDE",IF(H7<=5,"🟡 AMARILLO","🔴 ROJO")))
A8: =IF(B8<>"",ROW()-4,"") | H8: =IF(B8="","",IFERROR(IF(D8="",0,VALUE(LEFT(D8,1)))+IF(E8="",0,VALUE(LEFT(E8,1)))+IF(F8="",0,VALUE(LEFT(F8,1)))+IF(G8="",0,VALUE(LEFT(G8,1))),0)) | I8: =IF(B8="","",IF(H8<=2,"🟢 VERDE",IF(H8<=5,"🟡 AMARILLO","🔴 ROJO")))
A9: =IF(B9<>"",ROW()-4,"") | H9: =IF(B9="","",IFERROR(IF(D9="",0,VALUE(LEFT(D9,1)))+IF(E9="",0,VALUE(LEFT(E9,1)))+IF(F9="",0,VALUE(LEFT(F9,1)))+IF(G9="",0,VALUE(LEFT(G9,1))),0)) | I9: =IF(B9="","",IF(H9<=2,"🟢 VERDE",IF(H9<=5,"🟡 AMARILLO","🔴 ROJO")))
A10: =IF(B10<>"",ROW()-4,"") | H10: =IF(B10="","",IFERROR(IF(D10="",0,VALUE(LEFT(D10,1)))+IF(E10="",0,VALUE(LEFT(E10,1)))+IF(F10="",0,VALUE(LEFT(F10,1)))+IF(G10="",0,VALUE(LEFT(G10,1))),0)) | I10: =IF(B10="","",IF(H10<=2,"🟢 VERDE",IF(H10<=5,"🟡 AMARILLO","🔴 ROJO")))
A11: =IF(B11<>"",ROW()-4,"") | H11: =IF(B11="","",IFERROR(IF(D11="",0,VALUE(LEFT(D11,1)))+IF(E11="",0,VALUE(LEFT(E11,1)))+IF(F11="",0,VALUE(LEFT(F11,1)))+IF(G11="",0,VALUE(LEFT(G11,1))),0)) | I11: =IF(B11="","",IF(H11<=2,"🟢 VERDE",IF(H11<=5,"🟡 AMARILLO","🔴 ROJO")))
A12: =IF(B12<>"",ROW()-4,"") | H12: =IF(B12="","",IFERROR(IF(D12="",0,VALUE(LEFT(D12,1)))+IF(E12="",0,VALUE(LEFT(E12,1)))+IF(F12="",0,VALUE(LEFT(F12,1)))+IF(G12="",0,VALUE(LEFT(G12,1))),0)) | I12: =IF(B12="","",IF(H12<=2,"🟢 VERDE",IF(H12<=5,"🟡 AMARILLO","🔴 ROJO")))
A13: =IF(B13<>"",ROW()-4,"") | H13: =IF(B13="","",IFERROR(IF(D13="",0,VALUE(LEFT(D13,1)))+IF(E13="",0,VALUE(LEFT(E13,1)))+IF(F13="",0,VALUE(LEFT(F13,1)))+IF(G13="",0,VALUE(LEFT(G13,1))),0)) | I13: =IF(B13="","",IF(H13<=2,"🟢 VERDE",IF(H13<=5,"🟡 AMARILLO","🔴 ROJO")))
A14: =IF(B14<>"",ROW()-4,"") | H14: =IF(B14="","",IFERROR(IF(D14="",0,VALUE(LEFT(D14,1)))+IF(E14="",0,VALUE(LEFT(E14,1)))+IF(F14="",0,VALUE(LEFT(F14,1)))+IF(G14="",0,VALUE(LEFT(G14,1))),0)) | I14: =IF(B14="","",IF(H14<=2,"🟢 VERDE",IF(H14<=5,"🟡 AMARILLO","🔴 ROJO")))
A15: =IF(B15<>"",ROW()-4,"") | H15: =IF(B15="","",IFERROR(IF(D15="",0,VALUE(LEFT(D15,1)))+IF(E15="",0,VALUE(LEFT(E15,1)))+IF(F15="",0,VALUE(LEFT(F15,1)))+IF(G15="",0,VALUE(LEFT(G15,1))),0)) | I15: =IF(B15="","",IF(H15<=2,"🟢 VERDE",IF(H15<=5,"🟡 AMARILLO","🔴 ROJO")))
A16: =IF(B16<>"",ROW()-4,"") | H16: =IF(B16="","",IFERROR(IF(D16="",0,VALUE(LEFT(D16,1)))+IF(E16="",0,VALUE(LEFT(E16,1)))+IF(F16="",0,VALUE(LEFT(F16,1)))+IF(G16="",0,VALUE(LEFT(G16,1))),0)) | I16: =IF(B16="","",IF(H16<=2,"🟢 VERDE",IF(H16<=5,"🟡 AMARILLO","🔴 ROJO")))
... A54: =IF(B54<>"",ROW()-4,"") | H54: =IF(B54="","",IFERROR(IF(D54="",0,VALUE(LEFT(D54,1)))+IF(E54="",0,VALUE(LEFT(E54,1)))+IF(F54="",0,VALUE(LEFT(F54,1)))+IF(G54="",0,VALUE(LEFT(G54,1))),0)) | I54: =IF(B54="","",IF(H54<=2,"🟢 VERDE",IF(H54<=5,"🟡 AMARILLO","🔴 ROJO")))
A55: TOTALES CURSO 4mC | D55: =COUNTIF(D5:D54,"<>"&"") | E55: =COUNTIF(E5:E54,"<>"&"") | F55: =COUNTIF(F5:F54,"<>"&"") | G55: =COUNTIF(G5:G54,"<>"&"") | H55: =COUNTA(B5:B54) | I55: =COUNTIF(I5:I54,"🔴 ROJO")&" 🔴 "&COUNTIF(I5:I54,"🟡 AMARILLO")&" 🟡 "&COUNTIF(I5:I54,"🟢 VERDE")&" 🟢" | J55: ← Conteo: Rojo · Amarillo · Verde

Sheet 4mD
A1: CURSO 4mD — Registro de Seguimiento de Estudiantes
A2: PUNTAJES: 0 = Sin alerta / Regular 1 = Alerta leve 2 = Alerta moderada / Reiterada 3 = Alto riesgo │ SEMÁFORO: Verde 0-2 · Amarillo 3-5 · Rojo 6-12
D3: PUNTAJES POR ÁMBITO (seleccionar del menú desplegable) | H3: RESULTADO
A4: N° | B4: NOMBRE ESTUDIANTE | C4: MENTOR RESPONSABLE | D4: TRAYECTORIA EDUCATIVA | E4: ÁMBITO ACADÉMICO | F4: ÁMBITO CONDUCTUAL | G4: ÁMBITO SOCIOEMOCIONAL | H4: TOTAL | I4: SEMÁFORO | J4: OBSERVACIONES / NOTAS
A5: =IF(B5<>"",ROW()-4,"") | H5: =IF(B5="","",IFERROR(IF(D5="",0,VALUE(LEFT(D5,1)))+IF(E5="",0,VALUE(LEFT(E5,1)))+IF(F5="",0,VALUE(LEFT(F5,1)))+IF(G5="",0,VALUE(LEFT(G5,1))),0)) | I5: =IF(B5="","",IF(H5<=2,"🟢 VERDE",IF(H5<=5,"🟡 AMARILLO","🔴 ROJO")))
A6: =IF(B6<>"",ROW()-4,"") | H6: =IF(B6="","",IFERROR(IF(D6="",0,VALUE(LEFT(D6,1)))+IF(E6="",0,VALUE(LEFT(E6,1)))+IF(F6="",0,VALUE(LEFT(F6,1)))+IF(G6="",0,VALUE(LEFT(G6,1))),0)) | I6: =IF(B6="","",IF(H6<=2,"🟢 VERDE",IF(H6<=5,"🟡 AMARILLO","🔴 ROJO")))
A7: =IF(B7<>"",ROW()-4,"") | H7: =IF(B7="","",IFERROR(IF(D7="",0,VALUE(LEFT(D7,1)))+IF(E7="",0,VALUE(LEFT(E7,1)))+IF(F7="",0,VALUE(LEFT(F7,1)))+IF(G7="",0,VALUE(LEFT(G7,1))),0)) | I7: =IF(B7="","",IF(H7<=2,"🟢 VERDE",IF(H7<=5,"🟡 AMARILLO","🔴 ROJO")))
A8: =IF(B8<>"",ROW()-4,"") | H8: =IF(B8="","",IFERROR(IF(D8="",0,VALUE(LEFT(D8,1)))+IF(E8="",0,VALUE(LEFT(E8,1)))+IF(F8="",0,VALUE(LEFT(F8,1)))+IF(G8="",0,VALUE(LEFT(G8,1))),0)) | I8: =IF(B8="","",IF(H8<=2,"🟢 VERDE",IF(H8<=5,"🟡 AMARILLO","🔴 ROJO")))
A9: =IF(B9<>"",ROW()-4,"") | H9: =IF(B9="","",IFERROR(IF(D9="",0,VALUE(LEFT(D9,1)))+IF(E9="",0,VALUE(LEFT(E9,1)))+IF(F9="",0,VALUE(LEFT(F9,1)))+IF(G9="",0,VALUE(LEFT(G9,1))),0)) | I9: =IF(B9="","",IF(H9<=2,"🟢 VERDE",IF(H9<=5,"🟡 AMARILLO","🔴 ROJO")))
A10: =IF(B10<>"",ROW()-4,"") | H10: =IF(B10="","",IFERROR(IF(D10="",0,VALUE(LEFT(D10,1)))+IF(E10="",0,VALUE(LEFT(E10,1)))+IF(F10="",0,VALUE(LEFT(F10,1)))+IF(G10="",0,VALUE(LEFT(G10,1))),0)) | I10: =IF(B10="","",IF(H10<=2,"🟢 VERDE",IF(H10<=5,"🟡 AMARILLO","🔴 ROJO")))
A11: =IF(B11<>"",ROW()-4,"") | H11: =IF(B11="","",IFERROR(IF(D11="",0,VALUE(LEFT(D11,1)))+IF(E11="",0,VALUE(LEFT(E11,1)))+IF(F11="",0,VALUE(LEFT(F11,1)))+IF(G11="",0,VALUE(LEFT(G11,1))),0)) | I11: =IF(B11="","",IF(H11<=2,"🟢 VERDE",IF(H11<=5,"🟡 AMARILLO","🔴 ROJO")))
A12: =IF(B12<>"",ROW()-4,"") | H12: =IF(B12="","",IFERROR(IF(D12="",0,VALUE(LEFT(D12,1)))+IF(E12="",0,VALUE(LEFT(E12,1)))+IF(F12="",0,VALUE(LEFT(F12,1)))+IF(G12="",0,VALUE(LEFT(G12,1))),0)) | I12: =IF(B12="","",IF(H12<=2,"🟢 VERDE",IF(H12<=5,"🟡 AMARILLO","🔴 ROJO")))
A13: =IF(B13<>"",ROW()-4,"") | H13: =IF(B13="","",IFERROR(IF(D13="",0,VALUE(LEFT(D13,1)))+IF(E13="",0,VALUE(LEFT(E13,1)))+IF(F13="",0,VALUE(LEFT(F13,1)))+IF(G13="",0,VALUE(LEFT(G13,1))),0)) | I13: =IF(B13="","",IF(H13<=2,"🟢 VERDE",IF(H13<=5,"🟡 AMARILLO","🔴 ROJO")))
A14: =IF(B14<>"",ROW()-4,"") | H14: =IF(B14="","",IFERROR(IF(D14="",0,VALUE(LEFT(D14,1)))+IF(E14="",0,VALUE(LEFT(E14,1)))+IF(F14="",0,VALUE(LEFT(F14,1)))+IF(G14="",0,VALUE(LEFT(G14,1))),0)) | I14: =IF(B14="","",IF(H14<=2,"🟢 VERDE",IF(H14<=5,"🟡 AMARILLO","🔴 ROJO")))
A15: =IF(B15<>"",ROW()-4,"") | H15: =IF(B15="","",IFERROR(IF(D15="",0,VALUE(LEFT(D15,1)))+IF(E15="",0,VALUE(LEFT(E15,1)))+IF(F15="",0,VALUE(LEFT(F15,1)))+IF(G15="",0,VALUE(LEFT(G15,1))),0)) | I15: =IF(B15="","",IF(H15<=2,"🟢 VERDE",IF(H15<=5,"🟡 AMARILLO","🔴 ROJO")))
A16: =IF(B16<>"",ROW()-4,"") | H16: =IF(B16="","",IFERROR(IF(D16="",0,VALUE(LEFT(D16,1)))+IF(E16="",0,VALUE(LEFT(E16,1)))+IF(F16="",0,VALUE(LEFT(F16,1)))+IF(G16="",0,VALUE(LEFT(G16,1))),0)) | I16: =IF(B16="","",IF(H16<=2,"🟢 VERDE",IF(H16<=5,"🟡 AMARILLO","🔴 ROJO")))
... A54: =IF(B54<>"",ROW()-4,"") | H54: =IF(B54="","",IFERROR(IF(D54="",0,VALUE(LEFT(D54,1)))+IF(E54="",0,VALUE(LEFT(E54,1)))+IF(F54="",0,VALUE(LEFT(F54,1)))+IF(G54="",0,VALUE(LEFT(G54,1))),0)) | I54: =IF(B54="","",IF(H54<=2,"🟢 VERDE",IF(H54<=5,"🟡 AMARILLO","🔴 ROJO")))
A55: TOTALES CURSO 4mD | D55: =COUNTIF(D5:D54,"<>"&"") | E55: =COUNTIF(E5:E54,"<>"&"") | F55: =COUNTIF(F5:F54,"<>"&"") | G55: =COUNTIF(G5:G54,"<>"&"") | H55: =COUNTA(B5:B54) | I55: =COUNTIF(I5:I54,"🔴 ROJO")&" 🔴 "&COUNTIF(I5:I54,"🟡 AMARILLO")&" 🟡 "&COUNTIF(I5:I54,"🟢 VERDE")&" 🟢" | J55: ← Conteo: Rojo · Amarillo · Verde

Sheet RESUMEN
A1: RESUMEN GENERAL — TODOS LOS CURSOS
A2: Los promedios se calculan automáticamente desde cada hoja de curso. Actualice con F9 si es necesario.
A3: CURSO | B3: TOTAL ESTUD. | C3: 🟢 VERDE | D3: 🟡 AMAR. | E3: 🔴 ROJO | F3: PROM. TRAYECT. | G3: PROM. ACADÉM. | H3: PROM. CONDUCT. | I3: PROM. SOCIOEM. | J3: PROM. TOTAL
A4: PKA | B4: =COUNTA(PKA!B5:B54) | C4: =COUNTIF(PKA!I5:I54,"🟢 VERDE") | D4: =COUNTIF(PKA!I5:I54,"🟡 AMARILLO") | E4: =COUNTIF(PKA!I5:I54,"🔴 ROJO") | F4: =IFERROR(SUMPRODUCT((LEN(PKA!B5:B54)>0)*IFERROR(VALUE(LEFT(PKA!D5:D54,1)),0))/COUNTA(PKA!B5:B54),"") | G4: =IFERROR(SUMPRODUCT((LEN(PKA!B5:B54)>0)*IFERROR(VALUE(LEFT(PKA!E5:E54,1)),0))/COUNTA(PKA!B5:B54),"") | H4: =IFERROR(SUMPRODUCT((LEN(PKA!B5:B54)>0)*IFERROR(VALUE(LEFT(PKA!F5:F54,1)),0))/COUNTA(PKA!B5:B54),"") | I4: =IFERROR(SUMPRODUCT((LEN(PKA!B5:B54)>0)*IFERROR(VALUE(LEFT(PKA!G5:G54,1)),0))/COUNTA(PKA!B5:B54),"") | J4: =IFERROR(SUMPRODUCT((LEN(PKA!B5:B54)>0)*PKA!H5:H54)/COUNTA(PKA!B5:B54),"")
A5: PKB | B5: =COUNTA(PKB!B5:B54) | C5: =COUNTIF(PKB!I5:I54,"🟢 VERDE") | D5: =COUNTIF(PKB!I5:I54,"🟡 AMARILLO") | E5: =COUNTIF(PKB!I5:I54,"🔴 ROJO") | F5: =IFERROR(SUMPRODUCT((LEN(PKB!B5:B54)>0)*IFERROR(VALUE(LEFT(PKB!D5:D54,1)),0))/COUNTA(PKB!B5:B54),"") | G5: =IFERROR(SUMPRODUCT((LEN(PKB!B5:B54)>0)*IFERROR(VALUE(LEFT(PKB!E5:E54,1)),0))/COUNTA(PKB!B5:B54),"") | H5: =IFERROR(SUMPRODUCT((LEN(PKB!B5:B54)>0)*IFERROR(VALUE(LEFT(PKB!F5:F54,1)),0))/COUNTA(PKB!B5:B54),"") | I5: =IFERROR(SUMPRODUCT((LEN(PKB!B5:B54)>0)*IFERROR(VALUE(LEFT(PKB!G5:G54,1)),0))/COUNTA(PKB!B5:B54),"") | J5: =IFERROR(SUMPRODUCT((LEN(PKB!B5:B54)>0)*PKB!H5:H54)/COUNTA(PKB!B5:B54),"")
A6: PKC | B6: =COUNTA(PKC!B5:B54) | C6: =COUNTIF(PKC!I5:I54,"🟢 VERDE") | D6: =COUNTIF(PKC!I5:I54,"🟡 AMARILLO") | E6: =COUNTIF(PKC!I5:I54,"🔴 ROJO") | F6: =IFERROR(SUMPRODUCT((LEN(PKC!B5:B54)>0)*IFERROR(VALUE(LEFT(PKC!D5:D54,1)),0))/COUNTA(PKC!B5:B54),"") | G6: =IFERROR(SUMPRODUCT((LEN(PKC!B5:B54)>0)*IFERROR(VALUE(LEFT(PKC!E5:E54,1)),0))/COUNTA(PKC!B5:B54),"") | H6: =IFERROR(SUMPRODUCT((LEN(PKC!B5:B54)>0)*IFERROR(VALUE(LEFT(PKC!F5:F54,1)),0))/COUNTA(PKC!B5:B54),"") | I6: =IFERROR(SUMPRODUCT((LEN(PKC!B5:B54)>0)*IFERROR(VALUE(LEFT(PKC!G5:G54,1)),0))/COUNTA(PKC!B5:B54),"") | J6: =IFERROR(SUMPRODUCT((LEN(PKC!B5:B54)>0)*PKC!H5:H54)/COUNTA(PKC!B5:B54),"")
A7: KA | B7: =COUNTA(KA!B5:B54) | C7: =COUNTIF(KA!I5:I54,"🟢 VERDE") | D7: =COUNTIF(KA!I5:I54,"🟡 AMARILLO") | E7: =COUNTIF(KA!I5:I54,"🔴 ROJO") | F7: =IFERROR(SUMPRODUCT((LEN(KA!B5:B54)>0)*IFERROR(VALUE(LEFT(KA!D5:D54,1)),0))/COUNTA(KA!B5:B54),"") | G7: =IFERROR(SUMPRODUCT((LEN(KA!B5:B54)>0)*IFERROR(VALUE(LEFT(KA!E5:E54,1)),0))/COUNTA(KA!B5:B54),"") | H7: =IFERROR(SUMPRODUCT((LEN(KA!B5:B54)>0)*IFERROR(VALUE(LEFT(KA!F5:F54,1)),0))/COUNTA(KA!B5:B54),"") | I7: =IFERROR(SUMPRODUCT((LEN(KA!B5:B54)>0)*IFERROR(VALUE(LEFT(KA!G5:G54,1)),0))/COUNTA(KA!B5:B54),"") | J7: =IFERROR(SUMPRODUCT((LEN(KA!B5:B54)>0)*KA!H5:H54)/COUNTA(KA!B5:B54),"")
A8: KB | B8: =COUNTA(KB!B5:B54) | C8: =COUNTIF(KB!I5:I54,"🟢 VERDE") | D8: =COUNTIF(KB!I5:I54,"🟡 AMARILLO") | E8: =COUNTIF(KB!I5:I54,"🔴 ROJO") | F8: =IFERROR(SUMPRODUCT((LEN(KB!B5:B54)>0)*IFERROR(VALUE(LEFT(KB!D5:D54,1)),0))/COUNTA(KB!B5:B54),"") | G8: =IFERROR(SUMPRODUCT((LEN(KB!B5:B54)>0)*IFERROR(VALUE(LEFT(KB!E5:E54,1)),0))/COUNTA(KB!B5:B54),"") | H8: =IFERROR(SUMPRODUCT((LEN(KB!B5:B54)>0)*IFERROR(VALUE(LEFT(KB!F5:F54,1)),0))/COUNTA(KB!B5:B54),"") | I8: =IFERROR(SUMPRODUCT((LEN(KB!B5:B54)>0)*IFERROR(VALUE(LEFT(KB!G5:G54,1)),0))/COUNTA(KB!B5:B54),"") | J8: =IFERROR(SUMPRODUCT((LEN(KB!B5:B54)>0)*KB!H5:H54)/COUNTA(KB!B5:B54),"")
A9: KC | B9: =COUNTA(KC!B5:B54) | C9: =COUNTIF(KC!I5:I54,"🟢 VERDE") | D9: =COUNTIF(KC!I5:I54,"🟡 AMARILLO") | E9: =COUNTIF(KC!I5:I54,"🔴 ROJO") | F9: =IFERROR(SUMPRODUCT((LEN(KC!B5:B54)>0)*IFERROR(VALUE(LEFT(KC!D5:D54,1)),0))/COUNTA(KC!B5:B54),"") | G9: =IFERROR(SUMPRODUCT((LEN(KC!B5:B54)>0)*IFERROR(VALUE(LEFT(KC!E5:E54,1)),0))/COUNTA(KC!B5:B54),"") | H9: =IFERROR(SUMPRODUCT((LEN(KC!B5:B54)>0)*IFERROR(VALUE(LEFT(KC!F5:F54,1)),0))/COUNTA(KC!B5:B54),"") | I9: =IFERROR(SUMPRODUCT((LEN(KC!B5:B54)>0)*IFERROR(VALUE(LEFT(KC!G5:G54,1)),0))/COUNTA(KC!B5:B54),"") | J9: =IFERROR(SUMPRODUCT((LEN(KC!B5:B54)>0)*KC!H5:H54)/COUNTA(KC!B5:B54),"")
A10: 1A | B10: =COUNTA('1A'!B5:B54) | C10: =COUNTIF('1A'!I5:I54,"🟢 VERDE") | D10: =COUNTIF('1A'!I5:I54,"🟡 AMARILLO") | E10: =COUNTIF('1A'!I5:I54,"🔴 ROJO") | F10: =IFERROR(SUMPRODUCT((LEN('1A'!B5:B54)>0)*IFERROR(VALUE(LEFT('1A'!D5:D54,1)),0))/COUNTA('1A'!B5:B54),"") | G10: =IFERROR(SUMPRODUCT((LEN('1A'!B5:B54)>0)*IFERROR(VALUE(LEFT('1A'!E5:E54,1)),0))/COUNTA('1A'!B5:B54),"") | H10: =IFERROR(SUMPRODUCT((LEN('1A'!B5:B54)>0)*IFERROR(VALUE(LEFT('1A'!F5:F54,1)),0))/COUNTA('1A'!B5:B54),"") | I10: =IFERROR(SUMPRODUCT((LEN('1A'!B5:B54)>0)*IFERROR(VALUE(LEFT('1A'!G5:G54,1)),0))/COUNTA('1A'!B5:B54),"") | J10: =IFERROR(SUMPRODUCT((LEN('1A'!B5:B54)>0)*'1A'!H5:H54)/COUNTA('1A'!B5:B54),"")
A11: 1B | B11: =COUNTA('1B'!B5:B54) | C11: =COUNTIF('1B'!I5:I54,"🟢 VERDE") | D11: =COUNTIF('1B'!I5:I54,"🟡 AMARILLO") | E11: =COUNTIF('1B'!I5:I54,"🔴 ROJO") | F11: =IFERROR(SUMPRODUCT((LEN('1B'!B5:B54)>0)*IFERROR(VALUE(LEFT('1B'!D5:D54,1)),0))/COUNTA('1B'!B5:B54),"") | G11: =IFERROR(SUMPRODUCT((LEN('1B'!B5:B54)>0)*IFERROR(VALUE(LEFT('1B'!E5:E54,1)),0))/COUNTA('1B'!B5:B54),"") | H11: =IFERROR(SUMPRODUCT((LEN('1B'!B5:B54)>0)*IFERROR(VALUE(LEFT('1B'!F5:F54,1)),0))/COUNTA('1B'!B5:B54),"") | I11: =IFERROR(SUMPRODUCT((LEN('1B'!B5:B54)>0)*IFERROR(VALUE(LEFT('1B'!G5:G54,1)),0))/COUNTA('1B'!B5:B54),"") | J11: =IFERROR(SUMPRODUCT((LEN('1B'!B5:B54)>0)*'1B'!H5:H54)/COUNTA('1B'!B5:B54),"")
A12: 1C | B12: =COUNTA('1C'!B5:B54) | C12: =COUNTIF('1C'!I5:I54,"🟢 VERDE") | D12: =COUNTIF('1C'!I5:I54,"🟡 AMARILLO") | E12: =COUNTIF('1C'!I5:I54,"🔴 ROJO") | F12: =IFERROR(SUMPRODUCT((LEN('1C'!B5:B54)>0)*IFERROR(VALUE(LEFT('1C'!D5:D54,1)),0))/COUNTA('1C'!B5:B54),"") | G12: =IFERROR(SUMPRODUCT((LEN('1C'!B5:B54)>0)*IFERROR(VALUE(LEFT('1C'!E5:E54,1)),0))/COUNTA('1C'!B5:B54),"") | H12: =IFERROR(SUMPRODUCT((LEN('1C'!B5:B54)>0)*IFERROR(VALUE(LEFT('1C'!F5:F54,1)),0))/COUNTA('1C'!B5:B54),"") | I12: =IFERROR(SUMPRODUCT((LEN('1C'!B5:B54)>0)*IFERROR(VALUE(LEFT('1C'!G5:G54,1)),0))/COUNTA('1C'!B5:B54),"") | J12: =IFERROR(SUMPRODUCT((LEN('1C'!B5:B54)>0)*'1C'!H5:H54)/COUNTA('1C'!B5:B54),"")
A13: 2A | B13: =COUNTA('2A'!B5:B54) | C13: =COUNTIF('2A'!I5:I54,"🟢 VERDE") | D13: =COUNTIF('2A'!I5:I54,"🟡 AMARILLO") | E13: =COUNTIF('2A'!I5:I54,"🔴 ROJO") | F13: =IFERROR(SUMPRODUCT((LEN('2A'!B5:B54)>0)*IFERROR(VALUE(LEFT('2A'!D5:D54,1)),0))/COUNTA('2A'!B5:B54),"") | G13: =IFERROR(SUMPRODUCT((LEN('2A'!B5:B54)>0)*IFERROR(VALUE(LEFT('2A'!E5:E54,1)),0))/COUNTA('2A'!B5:B54),"") | H13: =IFERROR(SUMPRODUCT((LEN('2A'!B5:B54)>0)*IFERROR(VALUE(LEFT('2A'!F5:F54,1)),0))/COUNTA('2A'!B5:B54),"") | I13: =IFERROR(SUMPRODUCT((LEN('2A'!B5:B54)>0)*IFERROR(VALUE(LEFT('2A'!G5:G54,1)),0))/COUNTA('2A'!B5:B54),"") | J13: =IFERROR(SUMPRODUCT((LEN('2A'!B5:B54)>0)*'2A'!H5:H54)/COUNTA('2A'!B5:B54),"")
A14: 2B | B14: =COUNTA('2B'!B5:B54) | C14: =COUNTIF('2B'!I5:I54,"🟢 VERDE") | D14: =COUNTIF('2B'!I5:I54,"🟡 AMARILLO") | E14: =COUNTIF('2B'!I5:I54,"🔴 ROJO") | F14: =IFERROR(SUMPRODUCT((LEN('2B'!B5:B54)>0)*IFERROR(VALUE(LEFT('2B'!D5:D54,1)),0))/COUNTA('2B'!B5:B54),"") | G14: =IFERROR(SUMPRODUCT((LEN('2B'!B5:B54)>0)*IFERROR(VALUE(LEFT('2B'!E5:E54,1)),0))/COUNTA('2B'!B5:B54),"") | H14: =IFERROR(SUMPRODUCT((LEN('2B'!B5:B54)>0)*IFERROR(VALUE(LEFT('2B'!F5:F54,1)),0))/COUNTA('2B'!B5:B54),"") | I14: =IFERROR(SUMPRODUCT((LEN('2B'!B5:B54)>0)*IFERROR(VALUE(LEFT('2B'!G5:G54,1)),0))/COUNTA('2B'!B5:B54),"") | J14: =IFERROR(SUMPRODUCT((LEN('2B'!B5:B54)>0)*'2B'!H5:H54)/COUNTA('2B'!B5:B54),"")
A15: 2C | B15: =COUNTA('2C'!B5:B54) | C15: =COUNTIF('2C'!I5:I54,"🟢 VERDE") | D15: =COUNTIF('2C'!I5:I54,"🟡 AMARILLO") | E15: =COUNTIF('2C'!I5:I54,"🔴 ROJO") | F15: =IFERROR(SUMPRODUCT((LEN('2C'!B5:B54)>0)*IFERROR(VALUE(LEFT('2C'!D5:D54,1)),0))/COUNTA('2C'!B5:B54),"") | G15: =IFERROR(SUMPRODUCT((LEN('2C'!B5:B54)>0)*IFERROR(VALUE(LEFT('2C'!E5:E54,1)),0))/COUNTA('2C'!B5:B54),"") | H15: =IFERROR(SUMPRODUCT((LEN('2C'!B5:B54)>0)*IFERROR(VALUE(LEFT('2C'!F5:F54,1)),0))/COUNTA('2C'!B5:B54),"") | I15: =IFERROR(SUMPRODUCT((LEN('2C'!B5:B54)>0)*IFERROR(VALUE(LEFT('2C'!G5:G54,1)),0))/COUNTA('2C'!B5:B54),"") | J15: =IFERROR(SUMPRODUCT((LEN('2C'!B5:B54)>0)*'2C'!H5:H54)/COUNTA('2C'!B5:B54),"")
